similarity_score,name,homepage,description,status,abbreviation,countries,year_created,funder,funder_type,contact_name,contact_email,data_access_condition,publications
0.459,HUNT Databank,https://hunt-db.medisin.ntnu.no/hunt-db/,"HUNT Databank is a research database hosted by the Department of Public Health and Nursing at NTNU (Norwegian University of Science and Technology). It provides access to data from the HUNT (Health Study of Nord-Trøndelag) studies, covering health, genetics, lifestyle, and epidemiological variables.",ready,,Norway,,,,General Contact,kontakt@hunt.ntnu.no,open,
0.4531,Vivli,https://vivli.org/,"The Vivli data repository provides a global data-sharing and analytics platform serving all elements of the international research community. It is focused on sharing individual participant-level data from completed clinical trials to serve the international research community. Vivli acts as a neutral broker between data contributor and data user and the wider data sharing community. Vivli is a non-profit organization focused on data sharing and analysis. Vivli provides managed access for human subject clinical research data. At a minimum, Vivli will make data available for researchers for 10 years, unless they are contractually unable to do so. On an ongoing basis, Vivli evaluates its data holdings with regard to maintaining access and reserves the right to discontinue the distribution of a data collections when deemed appropriate.When materials are deaccessioned, the data are no longer publicly accessible at Vivli, although they may still be preserved in Vivli’s storage vault. Because digital files are assigned a persistent digital object identifier (DOI), the study description is still available to view, but is not searchable through Vivli. Web crawlers are instructed to ignore the descriptions (via the robots exclusion protocol).
For more information about Vivli’s policy, please contact Vivli at support@vivli.org
It provides a no-charge period for data only available within their secure research environment. There are costs after the no-charge time period ends. Vivli supports managed access as well as embargoing generally and during peer review. Vivli is funded via grants and member fees.",ready,Vivli,Worldwide,2018,"Laura and John Arnold Foundation, USA; Lyda Hill Foundation, United States; The Wellcome Trust, UK; Leona M. and Harry B. Helmsley Charitable Trust, USA; Doris Duke Charitable Foundation, United States; Phrma; Bill and Melinda Gates Foundation, Seattle, Washington, USA",Charitable foundation; Company,Julie Wood,jwood@vivli.org,controlled,
0.4374,German Portal for Medical Research Data,https://forschen-fuer-gesundheit.de/,"The FDPG is the German Portal for Medical Research Data, a central online platform that allows researchers to request and access pseudonymized patient data and biosamples from routine clinical care at German university hospitals for scientific studies. It was developed as part of the Medical Informatics Initiative (MII) and harmonizes data from multiple university medical sites under common standards to support research while complying with data protection regulations.",ready,FDPG,Germany,,Federal Ministry of Education and Research,Government body,General Contact,info@forschen-fuer-gesundheit.de,controlled,
0.4138,National Institute of Mental Health Data Archive,https://nda.nih.gov,"The National Institute of Mental Health Data Archive (NDA), originally established to support autism research, is an informatics platform and data repository that facilitates data sharing across all of mental health and other research communities, combining data from each of these repositories into a single resource with a single process for gaining access to all shared data. While querying and browsing data is publicly available, all subject-level data is available behind a login.",ready,NDA,United States,,"National Institute of Mental Health (NIMH), Bethesda, MD, USA; National Institute of Environmental Health Sciences (NIEHS), National Institutes of Health (NIH), North Carolina, USA; Eunice Kennedy Shriver National Institute of Child Health and Human Development; National Institute of Neurological Disorders and Stroke (NINDS), Bethesda, MD, USA",Government body; Undefined,NDA Helpdesk,ndahelp@mail.nih.gov,partially open,
0.4101,Australian New Zealand Clinical Trials Registry,http://www.anzctr.org.au/,"The Australian New Zealand Clinical Trials Registry (ANZCTR) is an online register of clinical trials being undertaken in Australia, New Zealand and elsewhere. The ANZCTR includes trials from the full spectrum of therapeutic areas of pharmaceuticals, surgical procedures, preventive measures, lifestyle, devices, treatment and rehabilitation strategies and complementary therapies. The ANZCTR mandatory data items comply with the minimum dataset requirements of the International Committee of Medical Journal Editors (ICMJE) and the World Health Organization (WHO).",ready,ANZCTR,"Australia, New Zealand",,National Collaborative Research Infrastructure Strategy; Australian Government - department of Health; Health Research Council of New Zealand; Therapeutic innovation Australia,Government body,,,open,
0.41,International Traditional Medicine Clinical Trial Registry,http://www.isrctn.com/,"The ISRCTN registry is a primary clinical trial registry recognised by WHO and ICMJE that accepts all clinical research studies (whether proposed, ongoing or completed), providing content validation and curation and the unique identification number necessary for publication. All study records in the database are freely accessible and searchable.",ready,ISRCTN Registry,United Kingdom,2000,"Medical Research Council; Department of Health, UK; Canadian Institutes of Health Research; The Wellcome Trust",Charitable foundation; Government body,,,open,
0.404,Medical Data Models,https://medical-data-models.org,"MDM-Portal (Medical Data-Models) is a meta-data registry for creating, analysing, sharing and reusing medical forms, developed by the Institute of Medical Informatics, Heidelberg University Hospital in Germany. see also https://doi.org/10.1055/s-0044-1786839 Electronic forms for documentation of patient data are an integral part within the workflow of physicians. A huge amount of data is collected either through routine documentation forms (EHRs) for electronic health records or as case report forms (CRFs) for clinical trials. This raises major scientific challenges for health care, since different health information systems are not necessarily compatible with each other and thus information exchange of structured data is hampered. Software vendors provide a variety of individual documentation forms according to their standard contracts, which function as isolated applications. Furthermore, free availability of those forms is rarely the case. Currently less than 5 % of medical forms are freely accessible. Based on this lack of transparency harmonization of data models in health care is extremely cumbersome, thus work and know-how of completed clinical trials and routine documentation in hospitals are hard to be re-used. The MDM-Portal serves as an infrastructure for academic (non-commercial) medical research to contribute a solution to this problem. It already contains more than 25,000 system-independent forms (CDISC ODM Format, www.cdisc.org, Operational Data Model) with more than 600,000 data-elements. This enables researchers to view, discuss, download and export forms in most common technical formats such as PDF, CSV, Excel, SQL, SPSS, R, etc. A growing user community will lead to a growing database of medical forms. In this matter, we would like to encourage all medical researchers to register and add forms and discuss existing forms.",ready,MDM,Worldwide,2011,Deutsche Forschungsgemeinschaft,Government body,Martin Dugas,martin.dugas@med.uni-heidelberg.de,open,10.1093/database/bav121; 10.1055/s-0044-1786839
0.3929,UMIN Clinical Trials Registry,https://www.umin.ac.jp/ctr/index.htm,"UMIN-CTR is a Clinical Trials Registry hosted by the japanese University Hospital Medical Information Network (UMIN). UMIN-CTR has been recognized by the ICMJE as an ""acceptable registry"". At a minimum, a paper should be received for consideration by an ICMJE-affiliated journal, if the corresponding trial is registered by the appropriate deadline with UMIN-CTR. The WHO is developing the International Clinical Trials Registry Platform (ICTRP) project in order to collect various clinical trial registry systems throughout the world under fixed standards as ""member registries"" and ""associate registries. """,ready,UMIN-CTR,Japan,1989,"Ministry of Education, Culture, Sports, Science and Technology of Japan (MEXT), Tokyo, Japan",Government body,,,open,
0.3903,LSHTM Research Online,https://researchonline.lshtm.ac.uk/,LSHTM Research Online is a freely accessible open access repository of research conducted by staff from the London School of Hygiene & Tropical Medicine.,ready,,"Gambia, Uganda, United Kingdom",2011,,,LSHTM Research Publications Team,researchonline@lshtm.ac.uk,open,
0.3848,Clinical Trials Information System,https://euclinicaltrials.eu/,"The Clinical Trials Information System (CTIS) is the online system for the regulatory submission, authorisation and supervision of clinical trials in the European Union and the European Economic Area. From 31 January 2023, all initial clinical trial applications in the European Union (EU) must be submitted via the Clinical Trials Information System (CTIS). CTIS is now the single-entry point for sponsors and regulators of clinical trials for the submission and assessment of clinical trial data. This follows a one-year transition, during which sponsors could choose whether to apply for a new clinical trial in the EU/EEA in line with the Clinical Trials Directive or under the new Clinical Trials Regulation (CTR), which entered into application on 31 January 2022.",ready,CTIS,European Union,2022,,,General Website Information,ct.communication@ema.europa.eu,open,
0.3726,Osteoarthritis Initiative,https://nda.nih.gov/oai,"The Osteoarthritis Initiative (OAI) is a multi-center, ten-year observational study of men and women to improve the understanding of prevention and treatment of knee osteoarthritis, one of the most common causes of disability in adults. The OAI is a permanent archive of the clinical data, patient reported outcomes, biospecimen analyses, quantitative image analyses, radiographs (X-Rays) and magnetic resonance images (MRIs) acquired during this study. While querying and browsing data is publicly available, all subject-level data is available behind a login.",ready,OAI,United States,,,,NDA Helpdesk,ndahelp@mail.nih.gov,controlled,
0.358,Medical Information Mart for Intensive Care III,http://mimic.physionet.org/,"MIMIC-III (Medical Information Mart for Intensive Care III) is a large, freely-available database comprising deidentified health-related data associated with over forty thousand patients who stayed in critical care units of the Beth Israel Deaconess Medical Center between 2001 and 2012. The database includes information such as demographics, vital sign measurements made at the bedside (~1 data point per hour), laboratory test results, procedures, medications, caregiver notes, imaging reports, and mortality (both in and out of hospital). MIMIC supports a diverse range of analytic studies spanning epidemiology, clinical decision-rule improvement, and electronic tool development. I",ready,MIMIC-III,United States,2001,"National Institute of Biomedical Imaging and Bioengineering (NIBIB), Bethesda, MD, USA",Undefined,,mimic-support@physionet.org,open,10.1038/sdata.2016.35; 10.1097/CCM.0b013e31820a92c6
0.3566,The Global Health Observatory,https://www.who.int/data/gho,"The GHO data repository is WHO's gateway to health-related statistics for its 194 Member States. It provides access to over 1000 indicators on priority health topics including mortality and burden of diseases, the Millennium Development Goals (child nutrition, child health, maternal and reproductive health, immunization, HIV/AIDS, tuberculosis, malaria, neglected diseases, water and sanitation), non communicable diseases and risk factors, epidemic-prone diseases, health systems, environmental health, violence and injuries, equity among others.",ready,GHO,Worldwide,,,,General Contact,gho_info@who.int,open,
0.3491,Overview of Medical Research in the Netherlands,https://onderzoekmetmensen.nl/en,"The Overview of Medical Research in the Netherlands (OMON), previously the Dutch Trial Register (LTR), is a register in which a part of the clinical studies in The Netherlands are registered. OMON currently includes all research from the old National Trial Register (NTR) and Toetsingonline registries and more recent studies registered in the Research Portal and CTIS. The Central Committee on Research Involving Human Subjects (CCMO) manages the register. CCMO is accountable to the Ministry of Health, Welfare and Sport and is a non-profit organisation. OMON is an official data provider to the International Clinical Trial Registry Platform (ICTRP) of the World Health Organization (WHO). ",ready,OMON,Netherlands,2022,,,OMON CCMO,omon@ccmo.nl,open,
0.3487,EU Clinical Trial Register,https://www.clinicaltrialsregister.eu/,"The EU Clinical Trials Register contains information on interventional clinical trials on medicines conducted in the European Union (EU), or the European Economic Area (EEA) which started after 1 May 2004.",ready,EUCTR,European Union,2004,,,,euctr@ema.europa.eu,open,
0.3433,LSHTM Data Compass,https://datacompass.lshtm.ac.uk/,"LSHTM Data Compass is a curated digital repository of research outputs produced with involvement by staff and students at the London School of Hygiene & Tropical Medicine, MRC Unit The Gambia, and/or the MRC/UVRI & LSHTM Uganda Research Unit. It hosts digital resources that are useful to verify and reproduce research findings, including: qualitative data, quantitative data, software code, processing scripts, search strategies, research instruments, and other outputs",ready,,United Kingdom,2015,,,LSHTM Research Data Manager,researchdatamanagement@lshtm.ac.uk,partially open,
0.3305,HCMI Searchable Catalog,https://www.cancer.gov/ccg/research/functional-genomics/hcmi,"HCMI Searchable Catalog is a continuously updated resource for querying the available next-generation models developed by the Human Cancer Models Initiative (HCMI). Within the Catalog, users can search by patient demographics, tumor, and model elements including age at diagnosis, sex, treatment information, clinical tumor diagnosis, primary site, clinical stage, and type of model (e.g. 3D-organoid, 2D-conditionally reprogrammed cells), open-access masked somatic MAF variants, etc.",ready,,United States,,National Institutes of Health,Government body,General inquiries,NCICCGenomics@mail.nih.gov,controlled,
0.3302,National Trauma Data Bank,https://www.facs.org/quality-programs/trauma/quality/national-trauma-data-bank/,"The NTDB, run by the American College of Surgeons, is the largest collection of trauma-registry data in the U.S., aggregating millions of anonymized patient records from hundreds of trauma centers. It includes data for both pediatric and adult patients from all levels of trauma centers, capturing demographics, injury details, treatments, outcomes (including mortality), and hospital events.",ready,NTDB,United States,1989,,,General Contact,TraumaQuality@facs.org,controlled,
0.3271,KWTRP Research Data Repository ,https://dataverse.harvard.edu/dataverse/kwtrp,"The KWTRP Research Data Repository is a research data repository that hosts datasets produced by the Kenya Medical Research Institute–Wellcome Trust Research Programme (KWTRP). It provides open access to data in the life sciences and public health, particularly in areas such as infectious diseases, epidemiology, and biomedical research.",ready,,Kenya,,,,General Contact,dgc@kemri-wellcome.org,partially open,
0.3239,DANS Data Station Life Sciences,https://lifesciences.datastations.nl/,"Domain-specific data repository for the Life Sciences, covering all disciplines from the health, medical as well as the green life sciences. This repository primarily serves research communities in The Netherlands, but is open to international researchers and projects that carry a connection to The Netherlands or Dutch research themes, institutes and programmes. The repository is part of the global Dataverse project, and through the interaction of DANS with the larger Dataverse community as wel as the participation in major national and European infrastructural data projects, the repository is continuously improved and enhanced.",ready,,Netherlands,2023,Royal Netherlands Academy of Arts and Sciences; Netherlands Organisation for Scientific Research,Government body; Research institute,DANS helpdesk,info@dans.knaw.nl,partially open,
0.3198,Sequencing Initiative Suomi,http://www.sisuproject.fi/,"The Sequencing Initiative Suomi (SISu) search engine offers a way to search for data on sequence variants in the Finnish population. It provides valuable summary data for researchers and clinicians as well as other researchers with an interest in genetics in Finland. With SISu, you can examine the attributes and appearance of different variants in Finnish cohorts and see their aggregate distribution in Finland visualized on a map. The SISu project is an international collaboration between multiple research groups aiming to build tools for genomic medicine.",ready,SISu,Finland,2014,"Finska lakaresellskapet, Helsinki, Finland; European Commission FP7; Academy of Finland, Helsinki, Finland; Doctoral Programme in Biomedicine, University of Helsinki, Helsinki, Finland; Healthy People 2010 program, Centers for Disease Control and Prevention, Atlanta, GA, USA; Healthy People 2010 program, Centers for Disease Control and Prevention, Atlanta, GA, USA; European Commission FP7",Government body; Undefined; Company; Research institute; University,Hannele Laivuori,hannele.laivuori@helsinki.fi,open,10.1371/journal.pone.0128524; 10.1371/journal.pgen.1004494
0.3191,Health Atlas,https://www.health-atlas.de/,"The Health Atlas - Local Data Hub/Leipzig is an alliance of medical ontologists, medical systems biologists and clinical trials groups to design and implement a multi-functional and quality-assured atlas. It provides models, data and metadata on specific use cases from medical research fields.",ready,,"Germany, United Kingdom",2008,,,Markus Löffler,markus.loeffler@imise.uni-leipzig.de,partially open,
0.311,Karolinska Institutet Data Repository,https://kib.ki.se/en/kidr,"KI Data Repository is the institutional data repository for Karolinska Institutet (KI). KI Data Repository accepts data where KI is the research principle, i.e. where KI is the organization responsible for the data. KI Data Repository’s mission is to curate, preserve, and provide continued access to KI’s research data.",ready,KI DR,Sweden,2025,"Karolinska Institutet, Stockholm, Sweden",Research institute,KI Data Repository,kidr@ki.se,partially open,
0.3071,Archived Clinical Research Datasets,https://www.ninds.nih.gov/current-research/research-funded-ninds/clinical-research/archived-clinical-research-datasets,"The data repository houses NINDS, Division of Clinical Research (DCR)- funded studies and trials in neurological areas such as Stroke, Parkinson’s disease, Migraine, Multiple Sclerosis and other neurological disorders. The data requests and approvals are managed by NINDS. Imaging, biosamples and other types of data are not supported by this repository. Contact your Program Official to determine if this repository is a good fit for your application. ",ready,,United States,,National Institutes of Health,Government body,,,controlled,
0.3071,Deutsches Register Klinischer Studien,https://www.bfarm.de/DE/Das-BfArM/Aufgaben/Deutsches-Register-Klinischer-Studien/_node.html,"The DRKS (German Clinical Trials Register) is a publicly accessible database for planned, ongoing, and completed clinical studies in Germany. It was established to ensure transparency in medical research and is recognized as a WHO Primary Registry. Investigators can register their trials there, and patients or physicians can search for trials they might join.",ready,DRKS,Germany,2008,,,Liesl Grobler,liesl.grobler@uct.ac.za,open,10.1016/s0140-6736(08)61498-1
0.3071,Clinical Trials Registry - India,https://ctri.nic.in/Clinicaltrials/login.php,"The Clinical Trials Registry- India (CTRI), hosted at the ICMR's National Institute for Research in Digital Health and Data Science (https://nims.icmr.org.in), is a free and online public record system for registration of clinical trials being conducted in India.",ready,CTRI,India,2007,,,General Contact,ctri@gov.in,open,
0.3071,Chile National Health Survey 2009-2010,http://epi.minsal.cl/bases-de-datos/,"The Chile National Health Survey 2009-2010 includes health status questionnaires including the SF-12, mental health questionnaires, physical activity questionnaires, and biological measurements taken during a physical exam.",deprecated,Chile NHS 2009,Chile,2009,,,jpalegre@minsal.cl,jpalegre@minsal.cl,not found,
0.3034,PubMed Central,http://www.ncbi.nlm.nih.gov/pmc/,PubMed Central (PMC) is the U.S. National Institutes of Health (NIH) digital archive of biomedical and life sciences journal literature.,ready,PMC,United States,1996,,,,pubmedcentral@ncbi.nlm.nih.gov,open,10.1093/nar/gkq1172; 10.1093/nar/gkr1184
0.3026,NICHD Data and Specimen Hub,https://dash.nichd.nih.gov/,The Eunice Kennedy Shriver National Institute of Child Health and Human Development (NICHD) Data and Specimen Hub (DASH) is a centralized resource that allows researchers to share and access de-identified data from studies funded by NICHD. DASH also serves as a portal for requesting biospecimens from selected DASH studies.,ready,NICHD DASH,United States,2015,,,General Contact,supportdash@mail.nih.gov,open,10.1038/sdata.2018.46
0.3014,UMCG Research Data Catalogue,https://umcgresearchdatacatalogue.nl/UMCG/ssr-catalogue/,"The UMCG Research Data Catalogue is a manually filled catalogue for large data collections (i.e. Databanks and Biobanks) of the University medical center Groningen. Currently you can find more than 60 resources in this catalogue, however this catalogue is still in development. In the future we hope to share all re-usable research data of the UMCG in this catalogue.",in_development,UMCG RDC,Netherlands,2023,,,Catalogue Operators,Researchdatacatalogue@umcg.nl,controlled,
0.2999,Population Health Data Archive,http://www.ncmi.cn/,"The National Population Health Data Center (NPHDC) is one of the 20 national science data center approved by the Ministry of Science and Technology and the Ministry of Finance. The Population Health Data Archive (PHDA) is developed by NPHDC relying on the Institute of Medical Information, Chinese Academy of Medical Sciences. PHDA mainly receives scientific data from science and technology projects supported by the national budget, and also collects data from other multiple sources such as medical and health institutions, research institutions and social individuals, which is oriented to the national big data strategy and the healthy China strategy. The data resources cover basic medicine, clinical medicine, public health, traditional Chinese medicine and pharmacy, pharmacy, population and reproduction. PHDA supports data collection, archiving, processing, storage, curation, verification, certification and release in the field of population health. Provide multiple types of data sharing and application services for different hierarchy users and help them find, access, interoperate and reuse the data in a safe and controlled environment. PHDA provides important support for promoting the open sharing of scientific data of population health and domestic and foreign cooperation.",ready,PHDA,China,2017,"Ministry of Science and Technology, Beijing, China",Government body,PHDA,rkjkpt@126.com,partially open,10.11925/infotech.2096-3467.2020.0954 
0.2918,Human Health Exposure Analysis Resource Data Repository,https://hheardatacenter.mssm.edu/,"Human Health Exposure Analysis Resource (HHEAR) Data Center provides a data repository for storing epidemiologic and biomarker data for CHEAR and HHEAR research studies to improve our knowledge of the comprehensive effects of environmental exposures on human health throughout the life course. Registered users will have access to publicly available deidentified datasets. In addition, there is a publicly accessible HHEAR ontology that provides a common vocabulary with unambiguous definitions of concepts and variables across studies to allow for pooling of studies.",ready,HHEAR,United States,,"National Institute of Environmental Health Sciences, National Institutes of Health; National Institutes of Health",Government body,HHEAR Support,HHEARsupport@mssm.edu,partially open,
0.2894,eHealth Ireland Open Data Portal,https://www.ehealthireland.ie/,"The eHealth Ireland Open Data Portal makes it easy to find and access data from across the Irish Health Sector. This includes information on available health services, statistics on hospital cases and national waiting lists, and performance of new digital initiatives, such as eReferrals.",deprecated,,Ireland,,"Department of Public Expenditure and Reform, Republic of Ireland",Government body,,questions@ehealthireland.ie,open,
0.2831,CHILDdb,https://childstudy.ca/childdb/,CHILDdb provides an opportunity for researchers to explore CHILD data to study genetic and environmental factors influencing child health and development. ,ready,,Canada,,"Canadian Institutes of Health Research; AllerGen NCE, Hamilton, ON, Canada",Government body; Consortium,General Contact,child@mcmaster.ca,open,
0.2807,CanPath Portal,https://portal.canpath.ca/,The Canadian Partnership for Tomorrow's Health (CanPath) Portal provides the research community with the necessary resources to identify epidemiological and biological data available from six participating cohorts to answer innovative research questions.,ready,,Canada,2008,,,General Contact,access@canpath.ca,partially open,
0.28,ClinVar,http://www.ncbi.nlm.nih.gov/clinvar/,"ClinVar is a freely accessible, public archive of reports of the relationships among human variations and phenotypes, with supporting evidence. ClinVar thus facilitates access to and communication about the relationships asserted between human variation and observed health status, and the history of that interpretation. ClinVar processes submissions reporting variants found in patient samples, assertions made regarding their clinical significance, information about the submitter, and other supporting data. The alleles described in submissions are mapped to reference sequences, and reported according to the HGVS standard. ClinVar then presents the data for interactive users as well as those wishing to use ClinVar in daily workflows and other local applications. ClinVar works in collaboration with interested organizations to meet the needs of the medical genetics community as efficiently and effectively as possible.",ready,ClinVar,United States,2013,"National Institutes of Health (NIH), Bethesda, MD, USA",Government body,,clinvar@ncbi.nlm.nih.gov,open,10.1093/nar/gkt1113
0.2782,National Database for Clinical Trials related to Mental Illness,https://data-archive.nimh.nih.gov/ndct/,"NDCT is an informatics platform for the sharing of clinical trial data funded by the National Institute of Mental Health. NDCT is a part of the NIMH Data Archive (NDA), powered by the NDAR (National Database for Autism Research) infrastructure.",deprecated,NDCT,United States,2014,ELIXIR Italy,Government body,Help email,NDAHelp@mail.nih.go,not found,
0.2782,Research Domain Criteria Database,http://rdocdb.nimh.nih.gov,"RDoCdb is an informatics platform for the sharing of human subjects data related to Mental Health research. This database may be used to plan for data submission, share your data, query data that is already shared, or to share your results related to a publication or finding. RDoCdb is is a part of the NIMH Data Archive (NDA), powered by the National Database for Autism Research (NDAR) infrastructure.",deprecated,RDoCdb,United States,,ELIXIR Italy,Government body,,rdocdbhelp@mail.nih.gov,not found,
0.2781,Global Initiative on Sharing Avian Influenza Data,https://www.gisaid.org/,"The GISAID Initiative promotes the international sharing of all influenza virus sequences, related clinical and epidemiological data associated with human viruses, and geographical as well as species-specific data associated with avian and other animal viruses, to help researchers understand how the viruses evolve, spread and potentially become pandemics.",ready,GISAID,Germany,2008,"Association of Public Health Laboratories (APHL); PREDEMICS (European Commission 2014-2017); United States Department of Health and Human Services; Max-Planck-Gesellschaft (MPG), Germany; State Secretariat for Education, Research and Innovation SERI",Government body; Undefined,,,partially open,
0.2777,Mexican Health and Aging Study,http://www.mhasweb.org/,"The MHAS study is a series of questionnaires distributed in waves, the fourth of which was fielded in the Fall of 2015. Research goals include, but are not limited to the following: examination of the aging processes and its disease and disability burden in a large representative panel of older Mexicans; evaluation of the effects of individual behaviors, early life circumstances, migration and economic history, community characteristics, and family transfer systems on multiple health outcomes; and comparison of the health dynamics of older Mexicans with comparably aged Mexican-born migrants in the U.S. and second generation Mexican-American using similar data from the U.S. population (for example the biennial Health and Retirement Study HRS) to assess the durability of the migrant health advantage.",ready,MHAS,"Mexico, United States",2001,"National Institute on Aging (NIA), Bethesda, MD, USA",Government body,Rebeca Wong,rewong@utmb.edu,open,10.21149/spm.v57s1.7593
0.2777,NSHD46 Database,https://datashare.ndph.ox.ac.uk/nshd46/index.cgi,"The NSHD46 Database is an online showcase of the National Survey of Health and Development 1946 birth cohort, listing variables and metadata collected over decades of follow‑up. It allows researchers to browse and discover clinical, biological, questionnaire, and life‑course data from the study before applying for access. While only non‑sensitive summary information is displayed, it helps researchers plan and request detailed data for health and population research.",ready,,United Kingdom,,,,General Contact,mrclha.enquiries@ucl.ac.uk,partially open,
0.2747,Longitudinal Aging Study Amsterdam Database,https://www.lasa-vu.nl/index.htm,"The Longitudinal Aging Study Amsterdam (LASA) is a long-term, multidisciplinary cohort study of older adults in the Netherlands, started in 1992, tracking physical, cognitive, emotional, and social functioning. It includes multiple measurement “waves” over decades, allowing researchers to study trajectories and predictors of aging. Access to LASA data requires submitting a research proposal, which is reviewed by a steering committee; the data are not open publicly but are shared under conditions to ensure scientific use.",ready,LASA Database,Netherlands,1992,Netherlands Organisation for Scientific Research,Research institute,General Contact,lasa@amsterdamumc.nl,controlled,
0.2704,AphasiaBank,https://aphasia.talkbank.org/,AphasiaBank is a shared database of multimedia interactions for the study of communication in aphasia. Access to the data in AphasiaBank is password protected and restricted to registered researchers.,ready,,United States,,National Institute for Deafness and other Communication Disorders; National Institutes of Health,Government body,Brian MacWhinney; Nan Bernstein Ratner,macw@cmu.edu; nratner@umd.edu,controlled,
0.264,AIDA Data Hub,https://datahub.aida.scilifelab.se/,"The AIDA Data Hub is national e-infrastructure for research and clinical innovation in data driven precision health, with a base in multi-modal diagnostics and medical imaging AI. They offer data, services, compute and storage resources, and advanced support to researchers, industry, and caregivers of national significance.",ready,,Sweden,,,,Joel Hedlund,joel.hedlund@liu.se,partially open,
0.2584,Biologic Specimen and Data Repository Information Coordinating Center,https://biolincc.nhlbi.nih.gov/home/,"The goal of Biologic Specimen and Data Repository Information Coordinating Center (BioLINCC) is to facilitate and coordinate the existing activities of the NHLBI Biorepository and the Data Repository and to expand their scope and usability to the scientific community through a single web-based user interface. BioLINCC provides a wealth of information on historical NHLBI clinical and epidemiologic studies which have data or biospecimens in the NHLBI repositories, and includes study summaries, references, and study operational documents.",ready,BioLINCC,United States,2008,"National Heart, Lung and Blood Institute (NHLBI), National Institutes of Health (NIH), Bethesda, MD, USA",Government body,General Contact,biolincc@imsweb.com,partially open,10.1136/thoraxjnl-2012-201876
0.2576,Kids First Data Resource,https://portal.kidsfirstdrc.org,"The Common Fund’s Gabriella Miller Kids First Pediatric Research Program (Kids First) has developed the Kids First Data Resource, a large-scale data resource to help researchers uncover new insights into the biology of childhood cancer and structural birth defects. It provides clinically annotated genomic data and is integrated with several tools to accelerate pediatric disease research. The Kids First Data Resource Portal allows users to query, or search, Kids First datasets, build virtual cohorts, or collections, of individual participants, and identify datasets for analysis. CAVATICA, built by Seven Bridges Genomics, allows users to run bioinformatics workflows in a cloud-based environment.",ready,,United States,,"Eunice Kennedy Shriver National Institute of Child Health and Human Development; NIH Common Fund; National Human Genome Research Institute; National Cancer Institute, National Institutes of Health; National Heart, Lung and Blood Institute, National Institutes of Health; National Institutes of Health","Research institute, Government body; Government body; Government body, Research institute",Support,support@kidsfirstdrc.org,controlled,
0.2541,Parkinson's Progression Markers Initiative,http://www.ppmi-info.org,"PPMI is an observational clinical study to verify progression markers in Parkinson’s disease. The study is designed to establish a comprehensive set of clinical, imaging and biosample data that will be used to define biomarkers of PD progression. Once these biomarkers are defined, they can be used in therapeutic studies. The clinical, imaging and biologic data are accessible to researchers in real time through the website. If used as a public resource without login, this resource functions as a dashboard.",ready,PPMI,United States,,The Michael J Fox Foundation for Parkinson's Research,Undefined,General Contact,webmaster@loni.usc.edu,controlled,10.1016/j.pneurobio.2011.09.005; 10.1002/mds.26374
0.2538,EORTC clinical trials,http://www.eortc.org/clinical-trials/,European Organisation for Research and Treatment of Cancer database of clinical trials.,ready,EORTC,European Union,,European Organisation for Research and Treatment of Cancer,Consortium,,,controlled,
0.251,PhenX Toolkit,https://www.phenxtoolkit.org,"The PhenX (consensus measures for Phenotypes and eXposures) Toolkit is a web-based catalog of recommended, standard measures of phenotypes and environmental exposures for use in biomedical research. The PhenX Toolkit offers well-established, broadly validated measures of phenotypes and exposures relevant to investigators in human genomics, epidemiology, and biomedical research. The measures in the Toolkit are selected by Working Groups of domain experts using a consensus process. The Toolkit provides detailed protocols, information about the measures, and tools to help investigators incorporate PhenX measures into their studies.",ready,PhenX Toolkit,United States,2007,"Office of Behavioral and Social Sciences Research (OBSSR), NIH, USA; National Institutes of Health (NIH), Bethesda, MD, USA; National Institute on Drug Abuse (NIDA), Bethesda, MD, USA; National Human Genome Research Institute (NHGRI), Bethesda, MD, USA",Government body,PhenX Staff,contact@phenxtoolkit.org,partially open,10.1002/0471142905.hg0121s86; 10.1016/j.annepidem.2012.08.004
0.2507,Comprehensive Epidemiological Data Resource,https://oriseapps.orau.gov/cedr/,The Comprehensive Epidemiologic Data Resource (CEDR) is the U.S. Department of Energy (DOE) electronic database comprised of health studies of DOE contract workers and environmental studies of areas surrounding DOE facilities.,ready,CEDR,United States,,,,Linh Duong - Program Manager; David Girardi - Project Manager,linh.duong@hq.doe.gov; cedr@orau.org,open,
0.2484,Mammography Image Analysis Society Database,https://www.repository.cam.ac.uk/handle/1810/250394,"Record does not exist anymore: Mammography Image Analysis Society Database. The record with identifier content https://doi.org/10.25504/FAIRsharing.qky19z was invalid.Records previously linked: [3508, 3513]. Organisations previously linked: [2510]. Maintainers previously linked: [548]. Licences previously linked: [158].",ready,,United Kingdom,1994,,,John Suckling,js369@cam.ac.uk,not found,
0.2438,Patient-Derived tumor Xenograft Finder,http://www.pdxfinder.org,"PDX Finder is an open repository for the upload and storage of clinical, genomic and functional Patient-Derived Xenograph (PDX) data which provides a comprehensive global catalogue of PDX models available for researchers across distributed repository databases. Integrated views are provided for histopathological image data, molecular classification of tumors, host mouse strain metadata, tumor genomic data and metrics on tumor response to chemotherapeutics. The data model for PDX Finder is based on the minimal information standard for PDX models developed in collaboration with a broad range of stakeholders who create and/or use PDX models in basic and pre-clinical cancer research.",deprecated,PDX Finder,"Austria, Belgium, Croatia, Czech Republic, Denmark, Finland, France, Germany, Greece, Hungary, Iceland, Ireland, Israel, Italy, Lithuania, Luxembourg, Malta, Montenegro, Netherlands, Norway, Portugal, Slovakia, Spain, Sweden, Switzerland, United Kingdom, United States",2017,"National Cancer Institute (NCI), National Institutes of Health (NIH), Bethesda, USA; National Cancer Institute (NCI), National Institutes of Health (NIH), Bethesda, USA; National Cancer Institute (NCI), National Institutes of Health (NIH), Bethesda, USA",Government body,Zinaida Perova,zina@ebi.ac.uk,open,10.1093/nar/gky984
0.2423,SICAS Medical Image Repository,https://www.smir.ch,"The Sicas Medical Image Repository is a medical database for academic, scientific, technical and clinical biomedical research and collaboration. Registration is required for data download and usage, although browsing and searching is available without registration.",deprecated,SMIR,Switzerland,2011,,,Michael Kistler,michael.kistler@si-cas.com,controlled,10.2196/jmir.2930
0.2409,Allele Frequency Aggregator,https://www.ncbi.nlm.nih.gov/snp/docs/gsr/alfa/,"The NCBI Allele Frequency Aggregator (ALFA) seeks to make allele frequency datasets from dbGaP studies the largest and most complete aggregated variant datasets available as open-access. Over two million individuals, up to billions of variations, thousands of phenotypes, and molecular test datasets make up the database dbGaP. Huge opportunities exist to investigate and research genetic differences within human populations and to find genetic factors that affect health and diseases in order to enhance diagnosis, treatment, and prevention.",ready,ALFA,United States,,National Institutes of Health,Government body,,,open,
0.2399,Health and Medical Care Archive,https://www.icpsr.umich.edu/web/pages/HMCA/index.html,"The Health and Medical Care Archive (HMCA) is the data archive of the Robert Wood Johnson Foundation (RWJF), the largest philanthropy devoted exclusively to health and health care in the United States. Operated by the Inter-university Consortium for Political and Social Research (ICPSR) at the University of Michigan with funding from RWJF, HMCA preserves and disseminates data collected by selected research projects funded by RWJF and facilitates secondary analyses of the data. The data collections in HMCA primarily includes large-scale surveys of the American public about public health, attitudes towards health reform, and access to medical care; surveys of health care professionals and organizations, public health professionals, and nurses; evaluations of innovative programs for the delivery of health care, and many other topics and populations of interest. Our goal is to build a culture of health by increasing the understanding of health and health care and the factors that contribute to health in the United States through secondary analysis of RWJF-supported data collections.",ready,HMCA,United States,1985,Robert Wood Johnson Foundation,Charitable foundation,Sara Britt,hmca@icpsr.umich.edu,partially open,
0.2359,OBO Foundry,http://www.obofoundry.org/,"The Open Biological and Biomedical Ontology (OBO) Foundry is a collective of ontology developers that are committed to collaboration and adherence to shared principles. The mission of the OBO Foundry is to develop a family of interoperable ontologies that are both logically well-formed and scientifically accurate. To achieve this, OBO Foundry participants voluntarily adhere to and contribute to the development of an evolving set of principles including open use, collaborative development, non-overlapping and strictly-scoped content, and common syntax and relations, based on ontology models that work well, such as the Gene Ontology (GO). The OBO Foundry is overseen by an Operations Committee with Editorial, Technical and Outreach working groups.",ready,OBO,Worldwide,,,,Barry Smith,phismith@buffalo.edu,open,10.1038/nbt1346; 10.1093/database/baab069
0.2355,Genetic Epidemiology Simulation Database,http://gesdb.nhri.org.tw/,"GESDB is a platform for sharing simulation data and discussion of simulation techniques for human genetic studies. The database contains simulation scripts, simulated data, and documentations from published manuscripts. The forum provides a platform for Q&A for the simulated data and exchanging simulation ideas. GESDB aims to promote transparency and efficiency in simulation studies for human genetic studies.",deprecated,GESDB,Taiwan,2015,"National Health Research Institutes (NIHR), Zhunan, Taiwan",Undefined,Ren-Hua Chung,rchung@nhri.org.tw,not found,10.1093/database/baw082
0.2338,Child Language Data Exchange System,https://childes.talkbank.org/,"CHILDES is part of the TalkBank corpus which includes language transcript data from aphasics, second language acquisition, conversation analysis, and classroom language learning. CHILDES is mainly used for analyzing the language of young children and adult speech directed to children.",ready,CHILDES,United States,,National Institutes of Health; Eunice Kennedy Shriver National Institute of Child Health and Human Development,"Government body; Government body, Research institute", Brian MacWhinney;  Nan Bernstein Ratner,macw@cmu.edu; nratner@umd.edu,open,
0.2338,Canada Vigilance Adverse Reaction Online Database,https://www.canada.ca/en/health-canada/services/drugs-health-products/medeffect-canada/adverse-reaction-database.html,"The Canada Vigilance Adverse Reaction Online Database contains information about suspected adverse reactions (also known as side effects) to health products. Adverse reaction reports are submitted by: consumers and health professionals, who submit reports voluntarily; and manufacturers and distributors (also known as market authorization holders), who are required to submit reports according to the Food and Drugs Act. Data is stored from 1965 onwards.",ready,,Canada,,,,,hc.canada.vigilance.sc@canada.ca,open,
0.2333,National Alzheimer's Coordinating Center,https://naccdata.org/,"The Uniform Data Set (UDS) is a longitudinal data set representing the entire enrollment of the NIA Alzheimer's Disease Centers since 2005. It features demographic, clinical, and neuropsychological testing data collected through annual clinical examinations on more than 46,000 participants. The NACC Neuropathology Data Set contains data from standardized neuropathological evaluations on more than 7,000 participants with UDS data, as well as 11,000 participants prior to the UDS.",ready,NACC,United States,2005,National Institutes of Health; National Institute on Aging,Government body,NACC,NACCmail@uw.edu,controlled,
0.2308,"Survey of Health, Ageing and Retirement in Europe Research Data Center",https://share-eric.eu/data/,"SHARE, the Survey of Health, Ageing and Retirement in Europe, is a research infrastructure for studying the effects of health, social, economic and environmental policies over the life-course of European citizens and beyond. SHARE-ERIC uses the SHARE Research Data Center to provide the SHARE data as soon as possible with the entire scientific community. Access to the SHARE data is provided free of charge on the basis of a release policy that gives quick and convenient access to all scientific users world-wide after individual registration.",ready,SHARE Research Data Center,"Israel, Switzerland, European Union",2004,,,SHARE General Contact,info@share-project.org,partially open,
0.2281,Health Study Hub ,https://health-study-hub.de/,"The Health Study Hub is an inventory of German studies in the field of clinical, public health and epidemiological health research. The aim of the Health Study Hub is to enable and foster the implementation of the FAIR principles (Findability, Accessibility, Interoperability and Reusability) in the health domain. Unlike other initiatives, the Health Study Hub focuses not only on clinical research, but also on public health studies. The Health Study Hub also provides access to study materials such as (sample) questionnaires, data dictionaries and other information down to variable level. ",ready,,Germany,,Deutsche Forschungsgemeinschaft,Government body, Matthias Löbe,matthias.loebe@imise.uni-leipzig.de,partially open,
0.2272,INCLUDE Data Hub,https://portal.includedcc.org/login?redirect_path=/dashboard,"The INCLUDE (INvestigation of Co-occurring conditions across the Lifespan to Understand Down syndromE) Project is an NIH-wide collaboration that seeks to improve health and quality-of-life for people with Down syndrome. The INCLUDE Project Data Coordinating Center and partners created the INCLUDE Data Hub, a centralized data resource that allows access to large-scale clinical and multi-omics datasets specific to Down syndrome and supports collaborative, cloud-based analysis to accelerate scientific discoveries related to Down syndrome and its co-occurring conditions.",ready,,United States,,"National Cancer Institute, National Institutes of Health; National Human Genome Research Institute; National Institute on Aging; NEI NIH; National Heart, Lung and Blood Institute, National Institutes of Health; Fogarty International Center; National Center for Advancing Translational Sciences; United States National Center for Complementary and Integrative Health; National Institutes of Health; National Institute of Nursing Research; National Institute on Alcohol Abuse and Alcoholism; National Institute for Deafness and other Communication Disorders; Eunice Kennedy Shriver National Institute of Child Health and Human Development; National Institute of Arthritis and Musculoskeletal and Skin Diseases; National Institute of Allergy and Infectious Diseases, National Institutes of Health; National Institute of Diabetes and Digestive and Kidney Diseases; National Institute of Environmental Health Sciences, National Institutes of Health; National Institute of Dental and Craniofacial Research (NIDCR), Rockville, MD, USA; National Institute of General Medical Sciences; National Institute of Neurological Disorders and Stroke; National Institute on Minority Health and Health Disparities, National Institutes of Health; National Institute of Mental Health","Research institute, Government body; Government body; Research institute",,,partially open,
0.2233,European Union Drug Regulating Authorities Clinical Trials,https://eudract.ema.europa.eu/results-web/index.xhtml,"EudraCT (European Union Drug Regulating Authorities Clinical Trials) is the European Clinical Trials Database of all interventional clinical trials of medicinal products commencing in the European Union from 1 May 2004 onwards. The EudraCT database has been established in accordance with Directive 2001/20/EC. Please note that as of 31 January 2023, creation and submission of new Clinical Trial Applications (CTAs) for trials to be conducted in the EU/EEA is no longer allowed through EudraCT and must be performed through the Clinical Trials Information System ",deprecated,EudraCT,European Union,2004,,,,,controlled,10.1007/s00103-005-1025-6
0.2233,ClinicalStudyDataRequest.com,https://clinicalstudydatarequest.com/,"ClinicalStudyDataRequest.com (CSDR) is a consortium of clinical study Sponsors/Funders. It is a leader in the data sharing community inspired to drive scientific innovation and improve medical care by facilitating access to patient-level data from clinical studies. CSDR seeks to be the researcher-preferred and trusted platform for responsible sharing of high quality patient-level data for the purpose of facilitating innovative data-driven research leading to improvements in patient care. This will be accomplished through the facilitation of the responsible sharing of patient-level data from a range of clinical study Sponsors/Funders through a researcher-friendly platform, utilizing industry leading practices, including an independent review of proposals and protection of patient privacy and confidentiality.",ready,CSDR,Worldwide,2014,,,,support@clinicalstudydatarequest.com,controlled,
0.2221,NIDA Data Share,https://datashare.nida.nih.gov,"The NIDA Data Share web site is an electronic environment that allows data from completed clinical trials to be distributed to investigators and the public in order to promote new research, encourage further analyses, and disseminate information to the community. Secondary analyses produced from data sharing multiply the scientific contribution of the original research.",ready,NIDA,United States,,"National Institute on Drug Abuse (NIDA), Bethesda, MD, USA",Government body,,,open,10.1177/002204260803800408
0.2214,Global Alzheimer's Association Interactive Network,https://www.gaain.org/,"The Global Alzheimer’s Association Interactive Network (GAAIN) is a federated Alzheimer’s disease data discovery platform consisting of a diverse and geographically distributed network of Data Partners designed to foster cohort discovery, collaboration and sharing. Researchers can discover clinical, genetic, imaging, and other data collected across many independent studies, build cohorts, perform preliminary analyses, and connect with Data Partners to request full access to data.",ready,,United States,,National Institute on Aging,Government body,	Cally Xiao,cally.xiao@loni.usc.edu,partially open,
0.2208,Dementias Platform UK Data Portal,https://portal.dementiasplatform.uk/,"The Dementias Platform UK (DPUK) Data Portal is a secure, remote research environment providing access to a wide range of data from UK cohort studies. It includes various data types such as cognitive assessments, brain imaging, genomics, and lifestyle information.",ready,DPUK Data Portal,United Kingdom,,,,Helpdesk,helpdesk@chi.swan.ac.uk,controlled,
0.2205,Childhood Cancer Data Initiative Hub,https://ccdi.cancer.gov/home,"The Childhood Cancer Data Initiative (CCDI) Hub serves as an entry point for researchers, data scientists, and citizen scientists seeking to utilize and connect with CCDI-related data. It offers information about available tools and applications that align with the CCDI vision, as well as descriptions of resources, each focusing on specific aspects of childhood cancer research.",ready,CCDI,United States,,National Institutes of Health,Government body,Support,NCIChildhoodCancerDataInitiative@mail.nih.gov,partially open,
0.22,Australian Data Archive,https://ada.edu.au,The Australian Data Archive (ADA) provides a national service for the collection and preservation of digital research data. ADA disseminates this data for secondary analysis by academic researchers and other users. The archive is based in the ANU Centre for Social Research and Methods (CSRM) at the Australian National University (ANU).,ready,ADA,Australia,1981,,,General Contact,ada@ada.edu.au,open,
0.2193,European Virus Archive,https://www.european-virus-archive.com/,"The European Virus Archive (EVA) project is a comprehensive resource that enhances global virology research by providing access to a vast collection of virus strains, derived material and services. This initiative aims to support the scientific community by facilitating the sharing of high-quality virological materials. EVA serves as a critical infrastructure for public health and research institutions worldwide, enabling rapid response to emerging viral threats and fostering advancements in virology research.",ready,EVA,European Union,2009,European Commission Horizon 2020,Government body,EVA Team,EVAg-coordination@european-virus-archive.com,partially open,10.1016/j.antiviral.2012.05.005; 10.1016/j.antiviral.2018.07.017; 10.1016/S2666-5247(21)00211-1
0.2174,NIMH Repository and Genomics Resources,https://www.nimhgenetics.org/,"The NIMH Repository and Genomics Resource (NRGR) is the largest biorepository supporting genomics in psychiatry, providing access to biomaterials (DNA, plasma, RNA, lymphoblastoid cell lines, induced pluripotent stem cells, etc.) and phenotypic data collected from nearly 200,000 well-characterized, high-quality control and patient samples from a wide-range of mental illnesses across ancestrally diverse populations. The NRGR also provides access to some genomic data sets, including some which do not have biosamples available in the repository, such as data sets generated by the Psychiatric Genomics Consortium, the CommonMind Consortium, and the PsychENCODE consoritum.",ready,NRGR,United States,,National Institutes of Health; National Institute of Mental Health,Government body,Support,help@nrgr.on.spiceworks.com,partially open,
0.2169,Social Data Network,https://sodanet.gr/,"SoDaNet is Greece’s national research infrastructure for the social sciences, established in 2010 by EKKE and several universities. It serves as a digital portal that collects, documents, and shares social science data and metadata for researchers, academics, policy makers, journalists, and the wider public.",ready,SoDaNet,Greece,2010,,,Apostolos Linardis,alinardis@ekke.gr,open,
0.2156,ClinicalTrials.gov,https://clinicaltrials.gov/,"ClinicalTrials.gov hosts a large collection of clinical studies from around the world. You can search for clinical studies by condition or disease name or other terms such as a drug name. Note: ClinicalTrials.gov is an official website of the U.S. Department of Health and Human Services, National Institutes of Health, National Library of Medicine, and National Center for Biotechnology Information. The National Library of Medicine (NLM) maintains this website. ",ready,,United States,2008,National Institutes of Health,Government body,NLM Communications,NLMCommunications@nih.gov,partially open,10.7326/M15-2658
0.215,FluencyBank,https://fluency.talkbank.org,"FluencyBank is a shared database for the study of fluency development. Participants include typically-developing monolingual and bilingual children, children and adults who stutter (C/AWS) or who clutter (C/AWC), and second language learners.",ready,,United States,2016,National Institutes of Health; National Institute for Deafness and other Communication Disorders,Government body,Brian MacWhinney; Nan Bernstein Ratner,macw@cmu.edu; nratner@umd.edu,partially open,
0.2143,NIH 3D Print Exchange,https://3d.nih.gov/,"Few scientific 3D-printable models are available online, and the expertise required to generate and validate such models remains a barrier. The NIH 3D Print Exchange eliminates this gap with an open, comprehensive, and interactive website for searching, browsing, downloading, and sharing biomedical 3D print files, modeling tutorials, and educational material. The NIH 3D Print Exchange is a collaborative effort led by the National Institute of Allergy and Infectious Diseases in collaboration with the Eunice Kennedy Shriver National Institute for Child Health and Human Development and the National Library of Medicine.",ready,,United States,,"National Institutes of Health (NIH), Bethesda, MD, USA",Government body,,,open,
0.2137,OmicsDB,https://github.com/KeironO/omicsdb,"OmicsDB is a database for the storage and management of omics data and auxiliary information. The database contains cross-species, cross-technique and cross-types. It offers user-submission tools of which aim to reduce the work revolving adherence to standards. The resource homepage is currently unavailable. If you have any information on the current status of this resource, please contact us.",deprecated,ODB,United Kingdom,2016,,,Keiron O'Shea,keo7@aber.ac.uk,not found,
0.2093,Seattle Alzheimer's Disease Brain Cell Atlas,https://portal.brain-map.org/explore/seattle-alzheimers-disease,"The Seattle Alzheimer’s Disease Brain Cell Atlas (SEA-AD) consortium strives to gain a deep molecular and cellular understanding of the early pathogenesis of Alzheimer’s disease. To accomplish this, they are leveraging advances in next-generation single-cell molecular profiling technologies developed through the BRAIN Initiative and at the Allen Institute for Brain Science. They are integrating single-cell profiling technologies with quantitative neuropathology and deep clinical phenotyping through collaboration with the University of Washington Alzheimer's Disease Research Center (ADRC) and Kaiser Permanente Washington Health Research Institute (KPWHRI), to create a multifaceted open data resource. The SEA-AD consortium seeks to understand the cellular and molecular changes that underlie Alzheimer’s disease initiation and progressive cognitive decline, with the ultimate goal of identifying targets for therapeutic intervention.",ready,SEA-AD,United States,,National Institutes of Health; National Institute on Aging,Government body,Support,KPWA.actproposals@kp.org,open,10.1101/2023.05.08.539485
0.2091,Brain Imaging Network Data Repository,http://www.brainimaging.pt,We are a leading national institution in brain MR imaging and molecular imaging (given cyclotron and radiopharmacy facilities). These pillars create the core medical imaging equipment infrastructure in Portugal with relevant scientific productivity now expanding to all levels of multimodal imaging. We have unique expertise and equipment for development of imaging markers and studies in brain imaging and respective repositories. This resource has restricted access. Please use the contact details provided to request access.,deprecated,,Portugal,2009,"Fundaeo para a Ciencia e a Tecnologia (FCT), Lisboa, Portugal",Government body,Miguel Castelo-Branco,mcbranco@fmed.uc.pt,not found,
0.2066,BioData Catalyst,https://biodatacatalyst.nhlbi.nih.gov/,"NHLBI BioData Catalyst is a cloud-based platform providing tools, applications, and workflows in secure workspaces for heart, lung, blood, and sleep disorder research. BioData Catalyst allows researchers to find, access, share, store, and compute on large scale datasets.",ready,,United States,,National Institutes of Health,Government body,,,controlled,10.5281/zenodo.3822858
0.2049,Accelerating Medicines Partnership® Parkinson's Disease,https://amp-pd.org/,"The Accelerating Medicines Partnership – Parkinson’s Disease (AMP PD) is a public-private partnership formed for the purpose of identifying and validating diagnostic, prognostic, and progression biomarkers for Parkinson’s Disease.  To accomplish this goal, AMP PD harmonized longitudinal clinical data from seven large existing cohorts and conducted whole genome sequencing, longitudinal transcriptomics, and longitudinal proteomics analyses from their existing blood, CSF, and/or brain tissue samples.  AMP PD data, along with the federated, international Global Parkinson’s Genetics Program (GP2) data, exists in the Google Cloud and is accessible and analyzable on the Verily/Broad Institute’s Terra Platform.",ready,AMP® PD,United States,,National Institutes of Health; National Institute of Neurological Disorders and Stroke,Government body; Research institute,,,controlled,
0.2048,RIVMdata,https://data.rivm.nl/,"RIVMdata is a metadata catalog. This catalog is filled with the metadata of RIVM datasets. ISO 19115 standard is used as the metadata standard. The catalog consists of an internal site, which is only accessible to RIVM employees, and an external site, in which the metadata is accessible to the general public.",ready,,Netherlands,2018,,,Datastewards; Andres Ramos,datastewards@rivm.nl; andres.ramos.padilla@rivm.nl,partially open,
0.2025,RDC at ZPID,https://rdc-psychology.org/en,"The Research Data Center (RDC) at ZPID (formerly PsychData) provides a method for publishing and reusing psychological research data from the diverse fields of psychological research. The service offer of the RDC comprises the following three pillars: providing support for the documentation of research data, assistance in archiving research data (e.g., in PsychArchives), and provision of datasets and analysis structures (e.g., PsychOpen CAMA) for reuse.",ready,,Germany,2010,,,General contact,RDCservice.info@leibniz-psychology.org,controlled,
0.2017,National Institute of Mental Health Connectome Coordination Facility Repository,https://nda.nih.gov/ccf,The Connectome Coordination Facility (CCF) processes and distributes public research data for a series of neuroimaging studies that focus on connections within the human brain. These are known as Human Connectome Projects (HCP). The CCF currently supports 19 NIH-funded human connectome studies (see menus above). All data releases from CCF HCP studies are being made available on the NIMH Data Archive.,ready,NIMH CCF,United States,,"National Institutes of Health (NIH), Bethesda, MD, USA",Government body,NDA Helpdesk,ndahelp@mail.nih.gov,controlled,
0.2016,EDUO - Publication Activity of the University of Ostrava - Archive,https://eduo.osu.cz/,"Repository for publications, books, conference and other scholar papers and textbooks published by the University of Ostrava.",ready,EDUO,Czech Republic,2023,,,Matyas F. Bajger,matyas.bajger@osu.cz,partially open,
0.2003,Global Project Management System Tuberculosis Transportal,https://tbindia.indiancst.com/GPMSTBTransportal/,"Global Project Management System Tuberculosis Transportal (GPMS TB Transportal) is a digital platform piloting TB surveillance in the 4 districts of Karnataka. It is an integrated dashboard that contains the information of all the TB control programs. As per section 3.3 of the Sustainable Development Goals (SDG) of the United Nations, health for all and eradication of TB and Malaria by 2030 are identified targets. GPMS TB Transportal was created to aid the identification of new TB cases, improve treatment compliance, and reduce the death of TB patients in Karnataka. This resource will also be used to develop early TB presumptive patients' diagnoses.",deprecated,GPMS TB Transportal,India,2017,"Indian Centre for Social Transformation (Indian CST), Bengaluru, Karnataka, India",Charitable foundation,Bindu Madhuri K,madhu39399@gmail.com,not found,
