name,homepage,description,status,abbreviation,countries,year_created,funder,funder_type,contact_name,contact_email,data_access_condition,publications
Antibody Registry,https://antibodyregistry.org/,"The Antibody Registry exists to give researchers a way to universally identify antibodies used in publications. The registry lists many commercial antibodies from about 200 vendors which have each been assigned a unique identifier. If the antibody that you are using does not appear in the list, an entry can be made by filling in as little as 2 pieces of information: the catalog number and the url of the vendor where our curators can find information and material data sheets. Many optional fields can also be filled in that will help curators identify the reagent. After submitting an antibody, you are given a permanent identifier that can be used in publications. This identifier even if it is later found to be a duplicate, can be quickly traced back in the antibody registry. We never delete records, but we collapse duplicate entries on a regular basis (the old identifiers are kept to help with search).",ready,,United States,2009,"National Institutes of Health (NIH) Blueprint for Neuroscience Research, Bethesda, MD, USA",Government body,Anita Bandrowski,abandrowski@ucsd.edu,open,10.1038/nmeth.2570; 10.1093/nar/gkac927
BioData.pt Data Management Portal,https://dmportal.biodata.pt/,"The BioData.pt Data Management Portal (DMPortal) was created to share, preserve, cite, explore and analyze research data, and implements several domain-specific metadata standards such as MIAPPE, which the BioData.pt Plant Sciences Community co-developed together with its ELIXIR collaborators.
DMPortal mints Digital object identifiers (DOIs) for the submitted datasets via DataCite, in a partnership with the Scientific Computing Unit of the Fundação para a Ciência e a Tecnologia (FCT-FCCN). 
",ready,DMPortal,Portugal,2020,,,DMPortal Team,dmportal@biodata.pt,open,
Canadian VirusSeq Data Portal,https://virusseq-dataportal.ca/,"The goal of the CanCOGeN VirusSeq project is to sequence up to 150,000 viral samples from Canadians testing positive for COVID-19. The VirusSeq Data Portal is an open-source and open-access data portal for all Canadian SARS-CoV-2 sequences and associated non-personal contextual data. It harmonizes, validates and automates submission to international databases.
",ready,CVDP,Canada,2022,"Genome Canada, Canada; Government of Canada",Government body,General contact,info@virusseq-dataportal.ca,open,
Translational Data Catalog,https://datacatalog.elixir-luxembourg.org/,"The Translational Data Catalog is a collection of project-level metadata from large research initiatives such as IMI and H2020 in a diverse range of fields, including clinical, molecular and observational studies. Its aim is to improve the findability of these projects following FAIR data principles. The Data Catalog uses a variety of web-based software to enable remote, interactive data-mining such that important metadata and summaries of curated studies can be displayed. ",ready,IMI Data Catalog,Luxembourg,2016,ELIXIR Luxembourg; European Commision,Government body; Undefined,General contact,data-catalog@elixir-luxembourg.org,open,
BioExcel - Covid19,https://bioexcel-cv19.bsc.es/#/,BioExcel-CV19 is a platform designed to provide web-access to atomistic-MD trajectories for macromolecules involved in the COVID-19 disease.,ready,,Spain,2020,Human Brain Project; BioExcel CoE; EBRAINS AISBL; European Commission Horizon 2020; European Commission Horizon 2020; European Commission Horizon 2020; European Commission Horizon 2020; European Commission Horizon 2020; European Commission Horizon 2020; European Commission Horizon Europe,Government body; Consortium,Dani Beltrán,daniel.beltran@irbbarcelona.org,open,10.1093/nar/gkad991
BBMRI-ERIC Directory,https://directory.bbmri-eric.eu/,"The BBMRI-ERIC Directory is a tool to share aggregate information about biobanks across Europe. The Directory welcomes new biobanks to join and publish information about themselves, including their contact information in the directory. The BBMRI-ERIC Directory can help researchers find relevant biobanks, get their contact information and identify appropriate infrastructure for the storage of samples for research purposes.",ready,,"Austria, Belgium, Bulgaria, Cyprus, Czech Republic, Estonia, Finland, Germany, Greece, Hungary, Italy, Latvia, Lithuania, Malta, Netherlands, Norway, Poland, Slovenia, Spain, Sweden, Switzerland, Turkey, United Kingdom, European Union",2015,,,Petr Holub,petr.holub@bbmri-eric.eu,open,10.1089/bio.2016.0088
WorkflowHub,https://workflowhub.eu,"The WorkflowHub is a registry of scientific workflows.  WorkflowHub aims to facilitate discovery and re-use of workflows in an accessible and interoperable way. This is achieved through extensive use of open standards and tools, including CWL, RO-Crate, Bioschemas and GA4GH's TRS API, in accordance with the FAIR principles. WorkflowHub supports workflows of any type in its native repository. ",ready,,"Belgium, United Kingdom",2020,"ERANET proposal Systems Biology Applications; Biotechnology and Biological Sciences Research Council; The Swiss Initiative in Systems Biology (SystemsX.ch), Zurich, Switzerland; ELIXIR Europe; Netherlands Organisation for Scientific Research; EOSC-Life; FAIRDOM; European Commission Horizon 2020; Federal Ministry of Education and Research; BY-COVID (BeYond COVID) Project; EuroScience Gateway; German Network for Bioinformatics Infrastructure; IBISBA; AgroServ",Government body; Consortium; Research institute,Finn Bacall,finn.bacall@manchester.ac.uk,open,https://doi.org/10.48550/arXiv.2410.06941; 10.1038/s41597-025-04786-3
Image Data Resource ,https://idr.openmicroscopy.org,"The Image Data Resource (IDR) is a public repository of image datasets from published scientific studies, where the community can submit, search and access high-quality bio-image data. It follows the Euro-BioImaging/ELIXIR imaging strategy using the OMERO and Bio-Formats open source software built by the Open Microscopy Environment. Deployed on an OpenStack cloud running on the EMBL-EBI’s Embassy resource, it includes image data linked to independent studies from genetic, RNAi, chemical, localisation and geographic high content screens, super-resolution microscopy, and digital pathology.",ready,IDR,United Kingdom,2015,European Commission Horizon 2020; Biotechnology and Biological Sciences Research Council; EOSC-Life; European Commission Horizon 2020; The Wellcome Trust; Biotechnology and Biological Sciences Research Council,Charitable foundation; Government body; Consortium,Josh Moore; Sébastien Besson; General Contact,j.a.moore@dundee.ac.uk; s.besson@dundee.ac.uk; idr@openmicroscopy.org,open,10.1038/nmeth.4326
bio.tools,https://bio.tools/,bio.tools is a registry of information about bioinformatics software and data services. It was created to help researchers in biological and biomedical science to find and use such resources.,ready,,Denmark,2015,"Horizon 2020 Programme of the European Union - EXCELERATE; The Ministry of Higher Education and Science, Copenhagen, Denmark",Government body,Support Email,registry-support@elixirmail.cbs.dtu.dk,open,10.1093/nar/gkv1116
Medical Imaging and Data Resource Center,https://www.midrc.org/,"Representatives of the American College of Radiology® (ACR®), the Radiological Society of North America (RSNA), and the American Association of Physicists in Medicine (AAPM) have jointly developed the  Medical Imaging and Data Resource Center (MIDRC) for rapid and flexible collection, artificial intelligence analysis, and dissemination of imaging and associated data. MIDRC is hosted at the University of Chicago. 
",ready,MIDRC,United States,2021,National Institute of Biomedical Imaging and Bioengineering,Undefined,Maryellen L. Giger,l332@uchicago.edu,open,10.1016/S2589-7500(22)00063-2
Sequence Read Archive,http://www.ncbi.nlm.nih.gov/sra,"The SRA is NIH's primary archive of high-throughput sequencing data and is part of the International Nucleotide Sequence Database Collaboration (INSDC) that includes at the NCBI Sequence Read Archive (SRA), the European Bioinformatics Institute (EBI), and the DNA Database of Japan (DDBJ). Data submitted to any of the three organizations are shared among them. SRA accepts data from all kinds of sequencing projects including clinically important studies that involve human subjects or their metagenomes, which may contain human sequences. These data often have a controlled access via dbGaP (the database of Genotypes and Phenotypes).",ready,SRA,United States,2007,,,General Contact,sra@ncbi.nlm.nih.gov,open,10.1093/nar/gkm1000; 10.1093/nar/gkr854; 10.1186/s13742-015-0064-7; 10.5281/zenodo.15677383
Immunology Database and Analysis Portal,https://immport.org,"The Immunology Database and Analysis Portal (ImmPort) data repository was created for the exploration of clinical and basic research data on immunology and associated findings. ImmPort intends to promote effective data sharing across the basic, clinical and translational research communities. It collects data both from clinical and mechanistic studies on human subjects and from immunology studies on model organisms. The ImmPort ecosystem consists of four components: private data, shared data, data analysis, and resources-for data archiving, dissemination, analyses, and reuse.",ready,ImmPort,United States,2007,"National Institute of Allergy and Infectious Diseases, National Institutes of Health",Government body,Jeff Wiser,jeff.wiser@ngc.com,partially open,10.1007/s12026-014-8516-1; 10.1002/cyto.a.22037; 10.1002/cyto.b.20554; 10.1038/sdata.2018.15
BioSamples,https://www.ebi.ac.uk/biosamples/," The BioSamples database (https://www.ebi.ac.uk/biosamples/) at the European Bioinformatics Institute (EMBL-EBI) is a core infrastructure resource that provides a centralised platform for the storage, curation, and dissemination of biological sample metadata. BioSamples holds sample descriptions across diverse datasets, enhancing their reusability and integrability in accordance with the FAIR (Findable, Accessible, Interoperable, and Reusable) principles. It provides links to assays and specific samples, and accepts direct submissions of sample information.",ready,BioSD,"Austria, Belgium, Croatia, Czech Republic, Denmark, Finland, France, Germany, Greece, Hungary, Iceland, Ireland, Israel, Italy, Lithuania, Luxembourg, Malta, Montenegro, Netherlands, Norway, Portugal, Slovakia, Spain, Sweden, Switzerland, United Kingdom",2010,European Commission; European Commission FP7,Government body,Support email,biosamples@ebi.ac.uk,open,10.1093/nar/gkt1081; 10.1093/nar/gkr937; 10.1093/nar/gky1061; 10.1093/nar/gkab1046; 10.1093/nar/gkaf1133
Genomics England | PanelApp,https://panelapp.genomicsengland.co.uk/,"Genomics England PanelApp is a publically-available knowledgebase that allows virtual gene panels related to human disorders to be created, stored and queried. It includes a crowdsourcing tool that allows genes to be added or reviewed by experts throughout the worldwide scientific community, providing an opportunity for the standardisation of gene panels, and a consensus on which genes have sufficient evidence for disease association. The diagnostic grade ‘Green’ genes and their modes of inheritance in the Version 1+ PanelApp virtual gene panels are used to direct the variant tiering process for the interpretation of genomes in the 100,000 Genomes Project and for the National Health Service England Genomic Medicine Service. As panels in PanelApp are publically available, they can also be utilised by others. Experts are asked to register (https://panelapp.genomicsengland.co.uk/accounts/registration/) in order to review and rate the genes on the panel to indicate whether there is a diagnostic-grade level of evidence for the gene to be implicated in a given disease. Bioinformaticians can access the data via the PanelApp API (https://panelapp.genomicsengland.co.uk/#!API). More detailed background information, instructions and updates can be found on the PanelApp homepage tabs.",ready,PanelApp,United Kingdom,2015,,,PanelApp team,panelapp@genomicsengland.co.uk,open,10.1038/s41588-019-0528-2
TARKI Data Archive,https://adatbank.tarki.hu/en/,"TARKI is the Hungarian Social Science data archive. It is a member of CESSDA-ERIC and the European Association of Social Science Data Archives. There are more than 800 social science resources in the TÁRKI archive, representing more than 35 years of survey research in Hungary.",ready,TARKI,Hungary,1985,,,General Contact,tarki@tarki.hu,controlled,
The WHO Global Clinical Platform for COVID-19,https://www.who.int/teams/health-care-readiness/covid-19/data-platform,"The WHO has created a global clinical platform of patient-level anonymized clinical data. The Platform is a secure, limited-access, password-protected platform hosted on REDCap.
",ready,,Worldwide,2019,,,Platform contact,COVID_ClinPlatform@who.int,controlled,
Global.health,https://global.health/,"Global.health is the first of its kind, easy-to-use global repository and visualization platform that enables open access to real-time de-identified epidemiological line-list case data. Data about Covid-19, ebola and Monkeypox are available.",ready,,"South Africa, United Kingdom, United States",2020,"Google (United States); Oxford Martin School; Rockefeller Foundation, New-York, NY, USA",Charitable foundation; Company; Research institute,,,controlled,
International COVID-19 Data Alliance,https://icoda-research.org/,"Convened by Health Data Research UK, the national institute for health data in the UK, ICODA was an open and inclusive global collaboration of leading life science, philanthropic and research organisations that came together to harness the power of health data to respond to the COVID-19 pandemic. Building on the ICODA programme, HDR UK has now convened the HDR Global programme which seeks to assist with data science skills and enable trustworthy data access, re-use and analysis in regions, communities and disease areas, where evidence to tackle threats to public health is lacking
",deprecated,ICODA,"United Kingdom, Worldwide",2020,"Mastercard (United Kingdom); Bill and Melinda Gates Foundation; Microsoft Corporation; Chan Zuckerberg Initiative, Redwood City, CA, USA; The Wellcome Trust; Minderoo Fundation",Charitable foundation; Company,Andrew Morris,andrew.morris@hdruk.ac.uk,controlled,
Dutch National COVID-19 metadata portal,https://covid19initiatives.health-ri.nl/p/ProjectOverview,"The Dutch national COVID-19 metadata portal describes the content of the collections and type of data. The underlying data remains at the source, but where possible a link to the data or the data request procedure are provided on the portal. The first health care data sets in the portal are coming from observational studies funded by ZonMw, NFU COVID-19 clinical research data, collaborating top clinical hospitals (STZ), as well as other regional hospitals. However, the portal is open to any health care provider wishing to make their COVID-19 data available for research. ",ready,COVID-NL metadata,Netherlands,2021,"The Netherlands Organisation for Health Research and Development (ZonMw), The Hague, The Netherlands",Government body,General contact,info@health-ri.nl,partially open,
Coronavirus and Celiac Disease Reporting Database,https://covidceliac.org/,"Surveillance Epidemiology of Coronavirus Under Research Exclusion (SECURE-Celiac) is an international, pediatric and adult database to monitor and report on outcomes of COVID-19 occurring in patients with celiac disease. We encourage clinicians worldwide to report ALL cases of COVID-19 in patients with celiac disease, regardless of severity (including asymptomatic patients detected through public health screening).",deprecated,,United States,2020,,,Benjamin Lebwohl,BL114@cumc.columbia.edu,not found,
Ensembl,http://www.ensembl.org/,"Ensembl creates, integrates and distributes reference datasets and analysis tools that enable genomics. Ensembl is a genome browser that supports research in comparative genomics, evolution, sequence variation and transcriptional regulation. Ensembl annotate genes, computes multiple alignments, predicts regulatory function and collects disease data.",ready,,"Austria, Belgium, Croatia, Czech Republic, Denmark, Finland, France, Germany, Greece, Hungary, Iceland, Ireland, Israel, Italy, Lithuania, Luxembourg, Malta, Montenegro, Netherlands, Norway, Portugal, Slovakia, Spain, Sweden, Switzerland, United Kingdom",1999,"European Commission FP7; The Wellcome Trust, UK",Charitable foundation; Government body,Help Desk,helpdesk@ensembl.org,open,10.1093/bioinformatics/btu613; 10.1186/s13059-016-0974-4; 10.1101/gr.137901.112; 10.1101/gr.1863004; 10.1101/gr.1857204; 10.1101/gr.135350.111; 10.1002/0471142905.hg0611s69; 10.1016/j.tig.2004.04.002; 10.1093/database/bar030; doi:10.1093/nar/gku1010; 10.1093/nar/gkj133; 10.1093/nar/gkt1196; 10.1093/database/bav119; 10.1093/database/baw093; 10.1186/1471-2164-11-295; 10.1093/bfgp/elm025; 10.1093/nar/gkq1064; 10.1093/nar/gkr991; 10.1093/nar/gks1236; 10.1093/database/bav127; 10.1093/database/baw053; 10.1101/gr.1866304; 10.1093/nar/gki138; 10.1101/gr.1862204; 10.1186/s13059-015-0621-5; 10.1093/bioinformatics/btt737; 10.1093/nar/gkw1104; 10.1038/ng0806-853a; 10.1093/nar/gkv1157; 10.1101/gr.076521.108; 10.1093/nar/gkm988; 10.1186/1471-2164-11-293; 10.1093/nar/gkg083; 10.1101/gr.073585.107; 10.1186/1471-2105-11-238; 10.1093/nar/30.1.38; 10.1093/nar/gkl996; 10.1093/bioinformatics/btq330; 10.1093/nar/gkn828; 10.1093/nar/gkp972; 10.1093/database/bav096; 10.1101/gr.1859804; 10.1101/gr.1858004; 10.1093/nar/gky1113; 10.1093/nar/gkz966; 10.1186/1471-2105-11-240; 10.1093/nar/gkab1049; 10.1093/nar/gkac958
NCBI Genetic Sequence Database,https://www.ncbi.nlm.nih.gov/genbank/,"GenBank ® is the NIH genetic sequence database of annotated collections of all publicly available DNA sequences. GenBank is part of an International Nucleotide Sequence Database Collaboration, which comprises the DNA DataBank of Japan (DDBJ), the European Nucleotide Archive (ENA), and GenBank at NCBI. The GenBank database is designed to provide and encourage access within the scientific community to the most up-to-date and comprehensive DNA sequence information, and release available versioned collections every two months from the ftp site. As part of the International Nucleotide Sequence Database Collaboration (INSDC), a long-standing foundational initiative (operating between DDBJ, EMBL-EBI and NCBI), the INSDC covers the spectrum of data raw reads, through alignments and assemblies to functional annotation, enriched with contextual information relating to samples and experimental configurations. GenBank data submission types include:  mRNA sequences, Prokaryotic genes, Eukaryotic genes, rRNA and/or ITS, viral sequences, transposon or insertion sequences, microsatellite sequences, pseudogenes, cloning vectors, phylogenetic or population sets, and non-coding RNAs.
",ready,GenBank,"Japan, United States, European Union",1982,National Institutes of Health,Government body,NCBI Helpdesk,info@ncbi.nlm.nih.gov,open,10.1093/nar/gkr1202; 10.1093/nar/gkq1079; 10.1093/nar/gkm929; 10.1093/nar/gkn723; 10.1093/nar/gks1195; 10.1093/nar/gkt1030; 10.1093/nar/gkx1094; 10.1093/nar/gkz956; 10.1093/nar/gky989; 10.1093/nar/gkw1070; 10.1093/nar/gkv1276; 10.1093/nar/gku1216; 10.1186/s12859-020-3537-3; 10.1093/nar/gkae1114
Disaster Lit,https://disasterinfo.nlm.nih.gov/disaster-lit,"Disaster Lit: Database for Disaster Medicine and Public Health is the National Library of Medicine (NLM) database of links to disaster medicine and public health documents available on the Internet at no cost. Documents include expert guidelines, research reports, conference proceedings, training classes, fact sheets, websites, databases, and similar materials for a professional audience. NLM selects materials from over 1,400 non-commercial publishing sources and supplements disaster-related resources from PubMed (biomedical journal literature) and MedlinePlus (health information for the public).",deprecated,Disaster Lit,United States,2002,,,General contact,dimrc@nlm.nih.gov,not found,
European Centre for Disease Prevention and Control,https://www.ecdc.europa.eu/en,"ECDC's main role as an agency of the European Union is to strengthen Europe’s defences against communicable diseases, worked together with all EU/EEA countries in response to public health threats and emerging diseases. Part of the ECDC mission is to provide search for, collect, collate, evaluate and disseminate relevant scientific and technical data.",ready,ECDC,European Union,2016,,,Andrea Ammon,Andrea.Ammon@ecdc.eu.int,open,
Infectious Diseases Data Observatory,https://www.iddo.org/,"The Infectious Diseases Data Observatory (IDDO) assembles clinical, laboratory and epidemiological data on a collaborative platform to be shared with the research and humanitarian communities. The data are analysed to generate reliable evidence and innovative resources that enable research-driven responses to the major challenges of emerging and neglected infections. Data is organized into research themes, with both submitters storing and requesters asking for data via the central IDDO platform. Certain data (listed in data inventories or available via various portals) is available publicly, while the rest must be applied and permission received for.",ready,IDDO,United Kingdom,2016,"Bill and Melinda Gates Foundation, Seattle, Washington, USA",Charitable foundation,Professor Philippe Guérin,info@iddo.org,controlled,
Center for International Blood and Marrow Transplant Research ,https://www.cibmtr.org/Pages/index.aspx,"The CIBMTR is dedicated to improving survival, treatment, and quality of life for transplant patients. With more than 1,650 publications, the CIBMTR conducts practice-changing research that helps patients and physicians.
",ready,CIBMTR,United States,2004,"Be The Match; Medical College of Wisconsin (MCW), Wisconsin, USA",Charitable foundation; University,,,partially open,
Consortium for Clinical Characterization of COVID-19 by EHR,https://covidclinical.net/,"4CE is an international consortium for electronic health record (EHR) data-driven studies of the COVID-19 pandemic. The goal of this effort—led by the i2b2 international academics users group—is to inform doctors, epidemiologists and the public about COVID-19 patients with data acquired through the health care process.",ready,4CE,"Brazil, Singapore, United States, European Union",2020,,,,,controlled,
American Society of Clinical Oncology (ASCO) Survey on COVID-19 in Oncology Registry,https://old-prod.asco.org/covid-resources/asco-registry,"The American Society of Clinical Oncology (ASCO) Survey on COVID-19 in Oncology Registry (ASCO Registry) aims to help the cancer community learn more about the patterns of symptoms and severity of COVID-19 among patients with cancer, as well as how COVID-19 is impacting the delivery of cancer care and patient outcomes. The ASCO Registry is designed to collect both baseline and follow-up data on how the virus impacts cancer care and cancer patient outcomes during the COVID-19 pandemic and into 2021.",deprecated,ASCO Registry,United States,2020,,,General contact,CENTRA@asco.org,partially open,
CITF DATA PORTAL,https://portal.citf.mcgill.ca/,"The COVID-19 Immunity Task Force Data Portal, run by McGill University, centralizes and standardizes individual-level epidemiological and immunological data from CITF-funded studies across Canada. It enables researchers to explore harmonized variables, submit requests for data access according to established policies, and track approved research projects. The portal supports investigations into SARS-CoV-2 infection history, vaccine effectiveness, immunity (both humoral and cellular), and related public health questions.",ready,,Canada,,,,General Contact,info@citfdatabank.ca,controlled,
Novartis Clinical Trial Results Database,https://www.novartis.com/ca-en/healthcare-professionals/novartis-clinical-trials,Novartis launched the results website in 2005 becoming one of the first companies to publically post results from Phase 2b-4 interventional trials. The Novartis position evolved over time to include public disclosure of results from Phase 1- 2a interventional trials in patients.,ready,,"France, Switzerland",2005,,,General contact,icm.phfr@novartis.com,open,
Pediatric COVID-19 Case Registry,https://www.pedscovid19registry.com/,"The COVID-19 clinical presentation is poorly defined in pediatric populations, as most of the reported known cases are adults. We aim to describe the epidemiology, clinical presentation, management, and outcomes associated with COVID-19 ​among pediatric patients across the United States of America. ​​ 
",deprecated,,United States,,,, Pediatric COVID-19 Case Registry Coordinators,PIDTRANCoordinators@stjude.org,controlled,
Humanitarian Data Exchange,https://data.humdata.org/,The Humanitarian Data Exchange (HDX) is an open platform for sharing data across crises and organisations. HDX was created to make humanitarian data easy to find and use for analysis.,ready,HDX,Worldwide,2014,,,General contact,hdx@un.org,open,
COVID-19 Host Genetics Initiative,https://www.covid19hg.org/,"The COVID-19 host genetics initiative brings together the human genetics community to generate, share, and analyze data to learn the genetic determinants of COVID-19 susceptibility, severity, and outcomes. Such discoveries could help to generate hypotheses for drug repurposing, identify individuals at unusually high or low risk, and contribute to global knowledge of the biology of SARS-CoV-2 infection and disease.


",deprecated,COVID-19 hg,"Finland, United States",2020,,,Andrea Ganna,aganna@broadinstitute.org,open,10.1038/s41431-020-0636-6
National Institute of Health - National COVID Cohort Collaborative,https://covid.cd2h.org/,"The National COVID Cohort Collaborative (N3C) is a collaboration among the NCATS-supported Clinical and Translational Science Awards (CTSA) Program hubs, the National Center for Data to Health (CD2H), distributed clinical data networks (PCORnet, OHDSI, ACT, TriNetX), and other partner organizations, with overall stewardship by NIH’s National Center for Advancing Translational Sciences (NCATS). The N3C aims to improve the efficiency and accessibility of analyses with COVID-19 clinical data, expand our ability to analyze and understand COVID, and demonstrate a novel approach for collaborative pandemic data sharing.
",ready,N3C,United States,2020,National Institutes of Health; National Center for Advancing Translational Sciences,Government body; Research institute,Melissa A. Haendel,haendel@ohsu.edu,controlled,
European Mouse Mutant Archive,https://www.infrafrontier.eu/emma/,"The European Mouse Mutant Archive – EMMA is the INFRAFRONTIER’s non-profit repository for the collection, archiving (via cryopreservation) and distribution of relevant mutant mouse and rat strains essential for basic biomedical research. The laboratory mouse is the most important mammalian model for studying genetic and multi-factorial diseases in human beings. The comprehensive physical and data resources of EMMA support basic biomedical and preclinical research, and the available research tools and mouse/rat models of human disease offer the opportunity to develop a better understanding of molecular disease mechanisms and may provide the foundation for the development of diagnostic, prognostic and therapeutic strategies. ",ready,EMMA,European Union,2009,BY-COVID (BeYond COVID) Project; European Joint Programme on Rare Diseases; European Commission Horizon 2020; European Commission Horizon 2020; EOSC-Life; European Commission FP7; European Commission Horizon 2020,Government body; Consortium,General Enquiries,emma@infrafrontier.eu,partially open,10.1093/bfgp/elm018; 10.1093/nar/gkp799; 10.1007/s00335-016-9642-y; 10.1093/nar/gku1193; 10.1007/s00335-025-10174-4
Arca Dados,https://arcadados.fiocruz.br/,"Arca Dados is Fiocruz's official research data repository. Its mission is to be the platform for archiving, publishing, disseminating, preserving and sharing digital research data produced by the Fiocruz community and/or in partnership with other research institutes or bodies, following the FAIR principles.",ready,,Brazil,2019,,,Vanessa Jorge,vanessa.jorge@fiocruz.br,partially open,
British Association of Dermatologists Biologic and Immunomodulators Register,http://www.badbir.org/,"British Association of Dermatologists Biologic and Immunomodulators Register (BADBIR) is a clinical study to monitor the long-term safety of drugs used to treat psoriasis.
",ready,BADBIR,"Ireland, United Kingdom",2011,,,General contact,badbir@manchester.ac.uk,controlled,10.1111/j.1365-2133.2012.10835.x
The Network Data Exchange,https://www.ndexbio.org,"NDEx is an online commons where scientists can upload, share, and publicly distribute biological networks and pathway models. The NDEx Project maintains a web-accessible public server, a documentation website, provides seamless connectivity to the Cytoscape desktop application as well as programmatic access using a variety of languages including Python, Java and R. NDEx users can easily create accounts or sign in using their Google credentials thanks to the supported open authentication (OAUTH2) method and mint DOIs for their networks to use in publications or include in other resources for long term access.",ready,NDEx,United States,2013,"National Cancer Institute, Rockville, MD, USA; California Digital Library (CDL), University of California, Oakland, CA, USA",Government body; University,Rudolf T. Pillich,rpillich@ucsd.edu,open,10.1007/978-1-4939-6783-4_13; 10.1016/j.cels.2015.10.001; 10.1158/0008-5472.CAN-17-0606; 10.1002/cpz1.258
Better Outcomes Registry & Network,https://www.bornontario.ca/en/index.aspx,"Funded by the Government of Ontario, the Better Outcomes Registry & Network (BORN) is Ontario's prescribed perinatal, newborn and child registry with the role of facilitating quality care for families across the province. BORN collects, interprets, shares and rigorously protects high-quality data.
",ready,BORN Ontario,Canada,2020,,,COVID Inquiries; General Inquiries,covid@bornontario.ca; info@bornontario.ca,controlled,
Coronavirus and Psoriasis Reporting Registry,https://school.wakehealth.edu/Departments/Dermatology/SECURE-Psoriasis,"Surveillance Epidemiology of Coronavirus Under Research Exclusion (SECURE-Psoriasis) is an international, pediatric and adult registry to monitor and report on outcomes of COVID-19 occurring in psoriasis patients.",ready,,United States,2020,"National Psoriasis Foundation, Portland, OR, United States",Charitable foundation,General contact,COVID_PSO@wakehealth.edu,open,10.1080/09546634.2020.1753996
The European Genome-phenome Archive,https://ega-archive.org/,"The European Genome-phenome Archive (EGA) is a service for permanent archiving and sharing of personally identifiable genetic, phenotypic, and clinical data generated for the purposes of biomedical research projects or in the context of research-focused healthcare systems. Access to data must be approved by the specified Data Access Committee (DAC).",ready,EGA,"Spain, United Kingdom",2007,Ministerio de Asuntos Economicos y Transformacion Digital; Spanish Instituto de Salud Carlos III Instituto Nacional de Bioinformatica; Centro de Excelencia Severo Ochoa; The Wellcome Trust; Medical Research Council,Charitable foundation; Government body,EGA Helpdesk,helpdesk@ega-archive.org,controlled,10.1038/ng.3312; 10.1093/nar/gkab1059
Addgene,https://www.addgene.org/,"Addgene is a non-profit plasmid repository dedicated to helping scientists around the world share high-quality plasmids. Addgene are working with thousands of laboratories to assemble a high-quality library of published plasmids for use in research and discovery. By linking plasmids with articles, scientists can always find data related to the materials they request.",ready,Addgene,"United Kingdom, United States",2004,Addgene,Company,General Contact Email,info@addgene.org,open,10.1038/nbt.2177; 10.1038/505272a; 10.1093/nar/gku893
Genome Warehouse,https://ngdc.cncb.ac.cn/gwh,"The Genome Warehouse (GWH) is a public archival resource housing genome-scale data for a wide range of species. GWH accepts full genomes of eukaryotes and prokaryotes as well as metagenomes. For each collected genome assembly, GWH incorporates descriptive information including biological sample metadata, genome assembly metadata, sequence data and genome annotation, and offers standardized quality control for genome sequence and annotation.",ready,GWH,China,2016,,,GWH curator,gwhcuration@big.ac.cn,open,10.1093/gpbjnl/qzaf010; 10.1016/j.gpb.2021.04.001
The ExtraCorporeal Membrane Oxygenation in COVID-19,https://www.elso.org/ecmo-resources/covid-19.aspx,The ExtraCorporeal Membrane Oxygenation (ECMO) in COVID-19 website as a resource for centers who may be called on to manage COVID-19 patients.,ready,ECMO in COVID-19,United States,2020,,,Ryan P Barbaro,barbaror@med.umich.edu,open,10.1097/MAT.0000000000001422; 10.1097/MAT.0000000000001173; S0140-6736(20)32008-0
European Data Portal,https://www.europeandataportal.eu/en,The European Data Portal harvests the metadata of Public Sector Information available on public data portals across European countries. Information regarding the provision of data and the benefits of re-using data is also included.,ready,EDP,European Union,2014,European Union (EU),Government body,,,open,
Coronavirus and Atopic Dermatitis (AD) / Alopecia Reporting Database,https://www.secure-derm.com/,"Given the interest in the emerging and evolving coronavirus (COVID-19) pandemic and the questions regarding how this will impact patients with atopic dermatitis (AD) or alopecia who are treated with or without systemic immunomodulating medication, we have created a number of secure, online, de-identified Personal Health Identifier (PHI) – free reporting registries and an anonymous patient reported survey.",deprecated,SECURE-DERM,"Ireland, Netherlands, United Kingdom",2020,"National and International Skin Registry Solutions (NISR), Dublin, Ireland",Undefined,General contact,info@nisrsolutions.com,not found,10.1111/bjd.19161; 10.1016/j.jaad.2020.06.050
The American Society for Hematology Research Collaborative COVID-19 Registry for Hematologic Malignancy,https://www.ashresearchcollaborative.org/s/covid-19-registry,"The ASH Research Collaborative (ASH RC) COVID-19 Registry for Hematology, a global public reference tool that is part of the ASH RC Data Hub platform, captures data on individuals who test positive for COVID-19, have a hematologic condition (past or present) and/or have experienced a post-COVID-19 hematologic complication. As data are analyzed, real-time observational summaries are available via a dashboard.",deprecated,ASH RC COVID-19 Registry for Hematology,United States,2020,,,,info@ashrc.org,open,
AccessClinicalData@NIAID,https://accessclinicaldata.niaid.nih.gov/,"AccessClinicalData@NIAID is a NIAID cloud-based, controlled access, secure data platform that enables sharing of and access to reports and data sets from NIAID COVID-19 and other sponsored clinical trials for the basic and clinical research community.",ready,,United States,,National Institutes of Health,Government body,,,controlled,
Database of publications on coronavirus disease (COVID-19),https://www.who.int/emergencies/diseases/novel-coronavirus-2019/global-research-on-novel-coronavirus-2019-ncov,"The WHO is gathering the latest scientific findings and knowledge on coronavirus disease (COVID-19) and compiling it in a database. The database is updated daily from searches of bibliographic databases, manual searches of the table of contents of relevant journals, and the addition of other relevant scientific articles that come to our attention. Note - the entries in the database may not be exhaustive and new research will be added regularly.",ready,,Worldwide,2020,,,,,open,
Coronavirus and MS Reporting Database,https://www.covims.org/,"COViMS (COVID-19 Infections in MS & Related Diseases) is a joint effort of the National MS Society, Consortium of MS Centers and Multiple Sclerosis Society of Canada to capture information on outcomes of people with MS and other CNS demyelinating diseases (Neuromyelitis Optica, or MOG antibody disease) who have developed COVID-19.",deprecated,,Canada,2020,,,General contact,info@covims.org,controlled,10.1002/ana.25907
Chinese Clinical Trial Registry,https://www.chictr.org.cn/indexEN.html,"Chinese Clinical Trial Registry provides the services include register for trials, consultation for trial design, central randomization for an allocation sequence, peer review for draft articles and training for peer reviewers.",ready,ChiCTR,China,2005,,,Taixiang Wu,txwutx@hotmail.com,open,10.1111/j.1756-5391.2011.01137.x
COVID-19 Dermatology registry,https://www.aad.org/member/practice/coronavirus/registry,"COVID-19 Dermatology registry aims at collect cases of COVID-19 cutaneous manifestations. The registry is open to medical professionals only, from any specialty.",ready,,United States,2020,,,General contact,covidregistry@aad.org,controlled,S0190-9622(20)32126-5; S0190-9622(20)30984-1; S0190-9622(20)30658-7; 10.1016/j.jaad.2020.06.050
Surveillance Epidemiology of Coronavirus (COVID-19) Under Research Exclusion - IBD,https://covidibd.org/,"Surveillance Epidemiology of Coronavirus Under Research Exclusion (SECURE-IBD) is an international, pediatric and adult database to monitor and report on outcomes of COVID-19 occurring in IBD patients. The goals of the registry is to rapidly define the impact of COVID-19 on patients with IBD and how factors such as age, comorbidities, and IBD treatments impact COVID outcomes.",deprecated,SECURE-IBD,United States,2020,,,Michael D. Kappelman,Michael_Kappelman@med.unc.edu,not found,
Multi-year Long COVID study,https://en.c-support.nu/data-aanvraag-meerjarig-long-covid-onderzoek/,"In February 2022, C-support, together with Erasmus MC, started a large-scale multi-year study into Long COVID. People who had been registered with C-support up to January 2022 with long-term symptoms after a COVID-19 infection and who completed the 1th questionnaire are invited annually for an extensive questionnaire. So far there have been three rounds of questionnaires: more than 11.000 people have completed the 1th questionnaire and approximately 8.000 people completed the 2nd and/or 3rd questionnaire.

An overview of the topics per questionnaire and more information is available on our website: https://en.c-support.nu/data-aanvraag-meerjarig-long-covid-onderzoek/

You can request a portion of this data to use for your own research or analyses. We can also perform analyses for you, such as creating customized summary tables and/or graphs.

About C-support: C-support supports people with long-term symptoms after COVID-19 or a COVID-19 vaccination. In addition, C-support shares knowledge with (healthcare) professionals and promotes research, for example by making data available.",ready,,Netherlands,2022,,,C-support,onderwijsenonderzoek@q-support.nu,controlled,10.1186/s12913-024-11488-w; 10.3389/fepid.2023.1144707; 10.1017/S0950268823001139
COVID-19 Data Portal,https://www.covid19dataportal.org,"The COVID-19 Data Portal enables researchers to upload, access and analyse COVID-19 related reference data and specialist datasets. The aim of the COVID-19 Data Portal is to facilitate data sharing and analysis, and to accelerate coronavirus research. The portal includes relevant datasets submitted to EMBL-EBI as well as other major centres for biomedical data. The COVID-19 Data Portal is the primary entry point into the functions of a wider project, the European COVID-19 Data Platform.",ready,,European Union,2020,European Commission Horizon 2020,Government body,European COVID-19 Data Platform,ecovid19@ebi.ac.uk,open,
COVID-19 CVD Registry,https://www.heart.org/en/professional/quality-improvement/covid-19-cvd-registry,"As physicians, scientists and researchers worldwide struggle to understand the novel coronavirus (COVID-19) pandemic, the American Heart Association (AHA) is developing a novel registry to aggregate data and aid research on the disease, treatment protocols and risk factors tied to adverse cardiovascular outcomes.",ready,,United States,2020,,,General contact,qualityresearch@heart.org,controlled,
SECURE-Cirrhosis Registry,https://covidcirrhosis.web.unc.edu/,"SECURE-Cirrhosis Registry is a secure, online, de-identified Personal Health Identifier (PHI)-free reporting registry for patients with chronic liver disease and post-liver transplantation",deprecated,,United States,2020,,,General contact,covid.cirrhosis@unc.edu,controlled,S0168-8278(20)33667-9; S2468-1253(20)30271-5
European Renal Association COVID-19 Database,https://www.eracoda.org/,The European Renal Association COVID-19 Database is a European database collecting clinical information of patients on kidney replacement therapy with COVID-19.,deprecated,ERACODA,Netherlands,2021,"Dutch Kidney Foundation (Nierstichting), Bussum, Netherlands; European Renal Association (ERA-EDTA); Sandoz; Baxter",Charitable foundation; Company; Consortium,General contact,COVID.19.KRT@umcg.nl,controlled,10.1093/ckj/sfab027; 10.1093/ndt/gfaa314; 10.1093/ndt/gfaa261; 10.1093/ndt/gfaa179
GISAID EpiCoV™ Database,https://db.cngb.org/gisaid/,"China National GeneBank DataBase (CNGBdb) is an official partner of the GISAID Initiative. It provides access to EpiCoV and features the most complete collection of hCoV-19 genome sequences along with related clinical and epidemiological data. With the data from this database scientific researchers can construct a virus phylogenetic tree to reveal the characteristics of the pathogen, and provide effective references for the study and analysis of the evolutionary source and pathological mechanism of the novel coronavirus.",ready,,China,2020,,,General contact,CNGBdb@cngb.org,open,
COVID-19 Research Collaborations,https://covid19.elsevierpure.com/,"The COVID-19 Research Collaborations database stores information on researchers and institutions for the purposes of identifying potential research experts or collaborators in areas related to the coronavirus epidemic across basic science, translational research, or clinical practice.",deprecated,,Netherlands,2020,,,,,not found,
COVID-HEP Registry,https://www.covid-hep.net/,"COVID-HEP Registry is a universal and collaborative registry project to collect data on patients with liver disease at any stage or liver transplants who develop laboratory-confirmed COVID-19. We are pleased to encourage reports from worldwide. However, if reporting from the Americas or China/Japan/Korea, please see our collaborators at: SECURE-cirrhosis.",deprecated,,United Kingdom,2020,,,Thomas Marjot,Thomas.marjot@ndm.ox.ac.uk,controlled,S0168-8278(20)33667-9; S2468-1253(20)30271-5
COVID-19 Registry,https://registry.rice.edu/covid19,"The COVID-19 Registry is a research project that aims to provide real-time information on the spread of COVID-19, who is being affected, and how. 
",deprecated,,,,Environmental Defense Fund,Charitable foundation,Marie Lynn Miranda; Joanna Espinoza,Covid19Registry@rice.edu; irb@rice.edu,controlled,
HIV and COVID-19 Registry in Europe,https://www.neat-id.org/,"In March the NEAT ID Foundation initiated the development of a simple Data “Dashboard” to monitor the progress of COVID-19 in HIV infected patients across Europe in real time. The Dashboard shows at European and Country level the number of cases reported to NEAT ID with COVID-19 co-infection with HIV, the number of hospitalisations and the number of deaths (from sites who have contributed to date).",deprecated,,European Union,2020,,,General contact,NEAT-ID@NEAT-ID.org,not found,
McMaster Multi-Regional Hospital Coronavirus Registry,https://www.coregontario.ca/,"The Coronavirus (COVID-19) Registry (COREG) is a comprehensive registry platform that facilitates uniform data collection of patients both tested for COVID-19 and those admitted with suspected or confirmed COVID-19.  It is an extension of the ISARIC-WHO case report form (CRF) to capture information of local importance to understand spread, disease course, and comparative outcomes.
",deprecated,COREG,Canada,2020,Canadian Institutes of Health Research; Hamilton Academic Health Sciences Organization,Government body; Research institute,General contact; Catalina Lopez-Correa,info@coregontario.ca; clopez@genomecanada.ca,controlled,10.1007/s11739-021-02637-8
Ensembl Genomes,https://ensemblgenomes.org/,"The Ensembl genome annotation system, developed jointly by EMBL-EBI and the Wellcome Trust Sanger Institute, has been used for the annotation, analysis and display of vertebrate genomes since 2000. Since 2009, the Ensembl site has been complemented by the creation of five new sites, for bacteria, protists, fungi, plants and invertebrate metazoa, enabling users to use a single collection of (interactive and programatic) interfaces for accessing and comparing genome-scale data from species of scientific interest from across the taxonomy.",ready,Ensembl Genomes,"Austria, Belgium, Croatia, Czech Republic, Denmark, Finland, France, Germany, Greece, Hungary, Iceland, Ireland, Israel, Italy, Lithuania, Luxembourg, Malta, Montenegro, Netherlands, Norway, Portugal, Slovakia, Spain, Sweden, Switzerland, United Kingdom",2008,"European Commission FP7; Biotechnology and Biological Sciences Research Council (BBSRC), UK; Bill and Melinda Gates Foundation, Seattle, Washington, USA; National Science Foundation (NSF), USA; European Commission FP7; The Wellcome Trust Sanger Institute, Wellcome Trust Genome Campus, Cambridge, UK; Biotechnology and Biological Sciences Research Council (BBSRC), UK; Biotechnology and Biological Sciences Research Council (BBSRC), UK; European Commission FP7; Biotechnology and Biological Sciences Research Council (BBSRC), UK; Biotechnology and Biological Sciences Research Council (BBSRC), UK; European Commission FP7; Biotechnology and Biological Sciences Research Council (BBSRC), UK; Biotechnology and Biological Sciences Research Council (BBSRC), UK",Charitable foundation; Government body; Research institute,Helpdesk,helpdesk@ensembl.org,open,10.1093/nar/gkz890; 10.1093/nar/gkv1209
Integrated Resource for Reproducibility in Macromolecular Crystallography,https://proteindiffraction.org,"The Integrated Resource for Reproducibility in Macromolecular Crystallography (IRRMC) was created to make the raw data of protein crystallography more widely available. The IRRMC identifies, catalogs and provides metadata related to datasets that could be used to reprocess the original diffraction data. The intent of this project is to make the resulting three-dimensional structures more reproducible and easier to modify and improve as processing methods advance.",ready,IRRMC,United States,2015,"National Institutes of Health (NIH), Bethesda, MD, USA",Government body,Wladek Minor Lab,support@protein.diffraction.org,open,10.1063/1.5128672; 10.1107/S2059798316014716
iReceptor Public Archive,https://www.ireceptor.org/,A data repository for the storage and sharing of Adaptive Immune Receptor Repertoire data. Primary public repository for the iReceptor Platform and Scientific Gateway.,ready,IPA,Canada,2014,European Comission Horizon 2020; Canadian Institutes of Health Research (CIHR); CANARIE Network Enabled Platforms Program; British Columbia Knowledge Development Fund (BCKDF); Canada Foundation for Innovation,Company; Government body,Brian Corrie,bdcorrie@gmail.com,open,10.1111/imr.12666
"Psoriasis Patient Registry for Outcomes, Therapy and Epidemiology of COVID-19 Infection",https://psoprotect.org/,"PsoProtect is an international registry for health care providers to report outcomes of COVID-19 in individuals with psoriasis. It provides regular, open access summaries of all reported cases, for the benefit of the international psoriasis community.

",ready,PsoProtect,Worldwide,2020,,,Satveer Mahil,satveer.2.mahil@kcl.ac.uk,controlled,10.1016/j.det.2021.05.013; 10.1016/j.jaad.2020.06.050
COVID-19 Pandemic (AUSSDA - The Austrian Social Science Data Archive),https://data.aussda.at/dataverse/covid19,"Social Science Data on Coronavirus Disease: Your information hub for SARS-CoV-2 / COVID-19 pandemic related studies in Austria in the social sciences. Studies will be made available as fast as possible. Thus, not all information is available in English. Some studies will be published as pre-releases meaning that these are not the final datasets. Researchers therefore are obliged to check the most recent version before publishing and must add a disclaimer that they have been publishing with a pre-release version. Pre-release datasets are likely to be updated and substantial changes can happen as part of the continuing quality checks (e.g., weighting variables might change).",ready,COVID Data Hub by AUSSDA,Austria,,,,,,open,
Zoltar,https://zoltardata.com/,"Zoltar is a research data repository that stores forecasts made by external models in standard formats and provides tools for validation, visualization, and scoring. Zoltar can host real-time or retrospective forecasting challenges, competitions, or research projects, with users specifying the forecast targets.",in_development,Zoltar,United States,2020,"National Institute of General Medical Sciences (NIGMS), Bethesda, MD, USA",Government body,General Contact,zoltar@reichlab.io,open,
Yale University Open Data Access Project,https://yoda.yale.edu/welcome-yoda-project,"The Yale University Open Data Access (YODA) Project at the Center for Outcomes Research and Evaluation advocates for the responsible sharing of clinical research data. The Project is committed to open science and data transparency, and supports research attempting to produce concrete benefits to patients, the medical community, and society as a whole. Through experience and input from the public and stakeholders, the YODA Project has iteratively developed a model to make data available to researchers in a sustainable way, in which data sharing becomes a part of the clinical research enterprise of the future. The mission of the YODA Project is to not only increase access to clinical research data, but to promote its use to generate new knowledge.",ready,YODA Project,United States,2011,,,Harlan Krumholz,harlan.krumholz@yale.edu,controlled,
Pregnancy CoRonavIrus Outcomes RegIsTrY,https://priority.ucsf.edu/,PRIORITY (Pregnancy CoRonavIrus Outcomes RegIsTrY) is a nationwide study of pregnant or recently pregnant people who are either under investigation for Coronavirus infection (COVID-19) or have been confirmed to have COVID-19. This study is being done to help patients and healthcare providers better understand how COVID-19 impacts pregnant people and their newborns.,ready,PRIORITY,United States,2020,"CDC Foundation, Atlanta, GA, USA; UCSF COVID-19 Response Fund, San Francisco, CA, USA; Yellow Chair Foundation, San Francisco, CA, USA",Charitable foundation,General contact,PRIORITYCOVID19@ucsf.edu,controlled,ciaa1411
COVID-19 Data Index,https://www.covid19dataindex.org,"The COVID-19 Data Index collects and indexes COVID-19 datasets from major data repositories, publications, and individual online sources. Diverse types of datasets, including clinical, epidemiological, imaging, omics, socio-demographic, environment, and transportation data are being generated on a daily basis in response to the COVID-19 pandemic, and the goal of the COVID-19 Data Index is to make these datasets easily findable and reusable for researchers.",ready,,United States,2020,"National Science Foundation (NSF), USA; University of Texas Health Science Center (UTHealth), Houston, TX, USA",Government body; University,,firat.tiryaki@uth.tmc.edu,open,
COVID-19 Global Rheumatology Alliance,https://rheum-covid.org/,"COVID-19 Global Rheumatology Alliance aim to collect, analyze and disseminate information about COVID-19 and rheumatology to patients, physicians and other relevant groups to improve the care of patients with rheumatic disease.",ready,,Worldwide,2020,"Pfizer, USA; AMGEN, USA; Johnson & Johnson, USA; Cellzome, GSK, Middlesex, UK.; Cellzome, GSK, Middlesex, UK.; Janssen, Belgium; Abbvie, North Chicago, Illinois, USA; Gilead, Foster City, CA, USA; Bristol Myers Squibb, New York, NY, USA",Company,General contact,rheum.covid@gmail.com,open,10.1002/acr.24257; 10.1002/art.41567; keaa483; 10.1136/annrheumdis-2020-217871; 10.1093/rheumatology/keaa191; 10.1016/S2665-9913(20)30095-3
 COVID-19 Data Repository,https://www.openicpsr.org/openicpsr/covid19,"The COVID-19 Data Repository is a repository for data examining the social, behavioral, public health, and economic impact of the novel coronavirus global pandemic. This is a free self-publishing option for any researcher who wants to share data related to COVID-19. Deposits should include all data, annotated program code, command files, and documentation necessary to understand the data collection and/or replicate research findings.
",ready,,United States,2022,,,,,open,
The COVID-19 and Cancer Consortium,https://ccc19.org/,"CCC19 is a consortium of over 120 cancer centers and other organizations who have come together to collect data about patients with cancer who have been diagnosed with COVID-19.
",ready,CCC19,United States,2020,,,CCC19 contact,contact@ccc19.org,partially open,10.1016/s0140-6736(20)31187-9; 10.1158/2159-8290.cd-20-0941; 10.1016/j.ccell.2020.10.022; 10.1016/j.annonc.2021.02.024; 10.1001/jamaoncol.2021.1799; 10.1111/jth.15463; 10.1001/jamanetworkopen.2021.34330; 10.1016/j.annonc.2021.12.006; 10.1001/jamanetworkopen.2021.42046; 10.1093/ofid/ofac037; 10.1016/s2666-7568(22)00009-5; 10.1158/2643-3230.bcd-22-0013; 10.1001/jamanetworkopen.2022.4304; 10.2139/ssrn.4089485; 10.3390/cancers14174334
MS Global Data-Sharing Initiative,https://www.qmenta.com/covid19-patients_ms/,"The Multiple Sclerosis International Federation (MSIF) and the Multiple Sclerosis Data Alliance (MSDA) have teamed up to form a Global Data Sharing Initiative to achieve insights on the effect of COVID-19 in people with MS as fast as possible, with the intent to steer clinical decision-making during the pandemic.",deprecated,,Worldwide,2020,,,Ariadna Torrens,ariadna.torrens@qmenta.com,not found,
Discovery VIRUS COVID-19 Registry,https://www.sccm.org/research/discovery-research-network/discovery-research-collaboratives/virus-covid-19-registry,"VIRUS is a cross-sectional, observational study and registry of all eligible adult and pediatric patients who are admitted to a hospital.",deprecated,,United States,2020,,,Vishakha Kumar,vkumar@sccm.org,controlled,10.1097/CCE.0000000000000113; 10.1097/CCM.0000000000004572
Dutch National COVID-19 clinical data dashboard,https://covid19initiatives.health-ri.nl/p/Dashboard,"The Dutch national COVID-19 clinical data dashboard allows exploration and reuse of clinical data from Dutch university medical centers (UMCs). The dashboard provides researchers with a clear overview of what is available, allow searching for specific data and make access to such data easier when the necessary ethical and legal conditions have been met.",ready,COVID-NL clinical data,Netherlands,2021,,,General Contact,info@health-ri.nl,controlled,
GHDDI Info Sharing Portal,https://ghddi-ailab.github.io/Targeting2019-nCoV/,"GHDDI Info Sharing Portal is the public information sharing portal and data repository for the drug discovery community, initiated by GHDDI. We are making our drug discovery capabilities and resources available at no cost to all researchers who are developing new treatments for COVID-19.",ready,,China,2020,,,,,open,
SECURE-Sickle Cell Disease Registry,https://covidsicklecell.org/,This registry is designed to capture pediatric and adult COVID-19 cases that are occurring across the world in patients living with sickle cell disease. The goal of the registry is to report on outcomes of cases of COVID-19 in this population of patients.,deprecated,Secure-SCD Registry,United States,2020,,,General contact,covid.sicklecell@mcw.edu,not found,
Global Registry of COVID-19 in Pediatric Cancer,https://global.stjude.org/en-us/global-covid-19-observatory-and-resource-center-for-childhood-cancer/registry.html,"The Global COVID-19 Observatory and Resource Center for Childhood Cancer is for health care professionals focused on pediatric cancer. The resource provides a way for providers to collaborate, connect and find the latest information on COVID-19 as it relates to childhood cancer.  
",ready,,United States,2022,,,,,controlled,
Cardiac complicAtions in Patients With SARS Corona vIrus 2 regisTrY,https://capacity-covid.eu/,"CAPACITY-COVID is a registry of patients with COVID-19, their history of cardiovascular disease and the occurrence of cardiovascular complications in COVID-19 patients. CAPACITY uses an extension of the CRF released by the ISARIC and WHO in response to the emerging outbreak of COVID-19.",ready,CAPACITY-COVID,,2020,,,,,controlled,
COVID19-NMR,https://covid19-nmr.de/,"The COVID-19 NMR Repository aims to make as many viral RNA and proteins as possible available for NMR work and screen them using a fragment library. Originally, the goal of the project was to determine RNA and protein structures of SARS-CoV-2 and to investigate the drugability of those structures by small molecules. As the initial work has been completed, they continue to investigate viral research via NMR and beyond.",ready,,Worldwide,2020,Goethe University Frankfurt; Deutsche Forschungsgemeinschaft; Volkswagen Foundation,Charitable foundation; Government body; University,Harald Schwalbe,schwalbe@nmr.uni-frankfurt.de,open,10.1002/anie.202205858
